movie_name,source
90s S01E01,raw_movies
AIR - All India Rankers S01E01,raw_movies
Aan paavam pollathathu,raw_movies
Aay,raw_movies
Ace,raw_movies
Adipurush,raw_movies
Agent,raw_movies
Akhanda 2,raw_movies
Amaran,raw_movies
Anaganaga Oka Raju,raw_movies
Andhra King Taluka,raw_movies
Animal,raw_movies
Ayalaan,raw_movies
Baby,raw_movies
Bakasura Restaurant,raw_movies
Balagam,raw_movies
Bhagavanth Kesari,raw_movies
Bhartha Mahashayalaku Vignapthi,raw_movies
Boys Hostel,raw_movies
Bro,raw_movies
Champion,raw_movies
Committee Kurrollu,raw_movies
Coolie,raw_movies
Couple Friendly,raw_movies
Daaku Maharaaj,raw_movies
Devara,raw_movies
Dhandora,raw_movies
Dhurandhar,raw_movies
Double iSmart,raw_movies
Drushyam 2,raw_movies
Dude,raw_movies
Ek Mini Katha,raw_movies
Enuguthondam Ghatikachalam,raw_movies
Falaknuma Das,raw_movies
Family Star,raw_movies
Game Changer,raw_movies
Gangs Of Godavari,raw_movies
Gurram Paapi Reddy,raw_movies
HIT 2,raw_movies
HIT The Third Case,raw_movies
Hanuman,raw_movies
Hari Hara Veera Mallu,raw_movies
Hi Nanna,raw_movies
House Mates,raw_movies
Idli Kottu,raw_movies
Jabilamma Neeku Antha Kopama,raw_movies
Janaka Ayithe Ganaka,raw_movies
Jatadhara,raw_movies
Jathiratnalu,raw_movies
Jigris,raw_movies
K-Ramp,raw_movies
KGF Chapter 1,raw_movies
Kalki 2898 AD,raw_movies
Kanguva,raw_movies
Kannappa,raw_movies
Kantara A Legend Chapter 1,raw_movies
Kantara,raw_movies
Kirrak Party,raw_movies
Kishkindhapuri,raw_movies
Kubera,raw_movies
Kushi,raw_movies
Laila,raw_movies
Little Hearts,raw_movies
Lokah Chapter 1,raw_movies
Mad Square,raw_movies
Maharaja,raw_movies
Mahavatar Narsimha,raw_movies
Mana Shankara Vara Prasad Garu,raw_movies
Martin Luther King,raw_movies
Mass Jathara,raw_movies
Mathu Vadalara 2,raw_movies
Mazaka,raw_movies
Middle Class Melodies,raw_movies
Mirai,raw_movies
Mithra Mandali,raw_movies
Mowgli,raw_movies
Narappa,raw_movies
Nari Nari Naduma Murari,raw_movies
Om Bheem Bush,raw_movies
Om Shanti Shanti Shantihi,raw_movies
Paagal,raw_movies
Ponniyan Selvan,raw_movies
Premante,raw_movies
Psych Siddhartha,raw_movies
RRR,raw_movies
Radheshyam,raw_movies
RangaMarthanda,raw_movies
Retro,raw_movies
Return of the Dragon,raw_movies
Salaar,raw_movies
Sankranthiki Vasthunam,raw_movies
Santhana Prapthirasthu,raw_movies
Sarangapani Jathakam,raw_movies
Saripodha Sanivaram,raw_movies
Satyam Sundaram,raw_movies
Shakunthalam,raw_movies
Shambhala,raw_movies
Single,raw_movies
Sir Madam,raw_movies
Sirai,raw_movies
Sita Ramam,raw_movies
Su From So,raw_movies
Subham,raw_movies
Sundarakanda Nara Rohith,raw_movies
Telusu Kada,raw_movies
Thammudu Nithin,raw_movies
Thandel,raw_movies
The Girlfriend,raw_movies
The Great Pre-Wedding Show,raw_movies
The Raja Saab,raw_movies
Thug Life,raw_movies
Tillu Square,raw_movies
Tourist Family,raw_movies
Tuck Jagadish,raw_movies
Tumbbad,raw_movies
Vakeel Saab,raw_movies
Virupaksha,raw_movies
Vishnu Vinyasam,raw_movies
100% Love,Movie_Assignments
Aagadu,Movie_Assignments
Adbutham,Movie_Assignments
Adhinayakudu,Movie_Assignments
Adhugo,Movie_Assignments
Adirindhi Mersal Vijay,Movie_Assignments
Aditya 369,Movie_Assignments
Aha Na Pellanta,Movie_Assignments
Aha Na Pellanta New,Movie_Assignments
Akashamantha,Movie_Assignments
Akhanda,Movie_Assignments
Akkada ammayi ikkada abbayi,Movie_Assignments
Ala Modalindhi,Movie_Assignments
Allari police,Movie_Assignments
Allari Ramudu,Movie_Assignments
Ambajipeta Marriage Band,Movie_Assignments
Amma Rajyam Lo Kadapa Biddalu,Movie_Assignments
Ammo Okato Thareeku,Movie_Assignments
Anand,Movie_Assignments
Andagadu Rajendra Prasad,Movie_Assignments
Andaru Dongale Dorikithey,Movie_Assignments
Andhrudu,Movie_Assignments
Annamayya,Movie_Assignments
Annayya,Movie_Assignments
Anukokunda Oka Roju,Movie_Assignments
Apadbandhavudu,Movie_Assignments
Aparichithudu,Movie_Assignments
Appalaraju,Movie_Assignments
April 1 Vidudhala,Movie_Assignments
Apthudu,Movie_Assignments
Aravinda Sametha Veera Raghava,Movie_Assignments
Arjun,Movie_Assignments
Arunachalam,Movie_Assignments
Arundathi,Movie_Assignments
Arya 2,Movie_Assignments
Asadhyudu,Movie_Assignments
Ashok,Movie_Assignments
Ashoka Vanam Lo Arjuna Kalyanam,Movie_Assignments
Ashta Chamma,Movie_Assignments
Athadu,Movie_Assignments
Athanokkade,Movie_Assignments
Atharintiki Daredhi,Movie_Assignments
Athidhi,Movie_Assignments
Athili Sathibabu LKG,Movie_Assignments
Avunanna Kadhanna,Movie_Assignments
Avunu,Movie_Assignments
Avunu vallidharuu ishtapaddaru,Movie_Assignments
Awe,Movie_Assignments
Baadshah,Movie_Assignments
Baba,Movie_Assignments
Badri,Movie_Assignments
Bahubali 2,Movie_Assignments
Bahubali The Epic,Movie_Assignments
Baladoor,Movie_Assignments
Balupu,Movie_Assignments
Basha,Movie_Assignments
Bava,Movie_Assignments
Bavagaru Bagunnara,Movie_Assignments
Bhageeratha,Movie_Assignments
Bharath Ane Nenu,Movie_Assignments
Bheemavaram Bullodu,Movie_Assignments
Bheemili Kabaddi Jattu,Movie_Assignments
Bhola Shankar,Movie_Assignments
Bindas,Movie_Assignments
Bluff Master,Movie_Assignments
Bobby,Movie_Assignments
Bodyguard,Movie_Assignments
Bommana Brothers Chandana Sisters,Movie_Assignments
Bommarillu,Movie_Assignments
Bootcut Balaraju,Movie_Assignments
Boss Nagarjuna,Movie_Assignments
Boys,Movie_Assignments
Bramhachari,Movie_Assignments
Bramhotsavam,Movie_Assignments
Brother of Bommali,Movie_Assignments
Brothers,Movie_Assignments
Bruce Lee,Movie_Assignments
Brundavanam,Movie_Assignments
Buridi,Movie_Assignments
Cauliflower,Movie_Assignments
Chakram,Movie_Assignments
Chal Mohana Ranga,Movie_Assignments
Challenge,Movie_Assignments
Chandamama,Movie_Assignments
Chantabbai,Movie_Assignments
Chanti,Movie_Assignments
Chatrapathi,Movie_Assignments
Check,Movie_Assignments
Cheppave Chirugali,Movie_Assignments
Chintakayala Ravi,Movie_Assignments
Chirunavvutho,Movie_Assignments
Chirutha,Movie_Assignments
Chudalani undhi,Movie_Assignments
Chukkallo Chandrudu,Movie_Assignments
Cinema Chupistha Mama,Movie_Assignments
Coolie no 1,Movie_Assignments
Current,Movie_Assignments
Current Theega,Movie_Assignments
Daddy,Movie_Assignments
Dalapathi,Movie_Assignments
Damarukam,Movie_Assignments
Darbar,Movie_Assignments
Darling,Movie_Assignments
Daruvu,Movie_Assignments
Das Ka Dhamki,Movie_Assignments
Dasara,Movie_Assignments
Dashavatharam,Movie_Assignments
Dear Comrade,Movie_Assignments
Desamuduru,Movie_Assignments
Detective,Movie_Assignments
Devadas Nani,Movie_Assignments
Devadas Ram,Movie_Assignments
Devudu Chesina Manushulu,Movie_Assignments
Devullu,Movie_Assignments
Dhada,Movie_Assignments
Dhairyam,Movie_Assignments
Dhamaka,Movie_Assignments
Dhamki,Movie_Assignments
Dhammu,Movie_Assignments
Dharma Yogi,Movie_Assignments
Dhee,Movie_Assignments
Dhochey,Movie_Assignments
Dhoolpeta,Movie_Assignments
Dhruva,Movie_Assignments
Dictator,Movie_Assignments
Dil,Movie_Assignments
Disco Raja,Movie_Assignments
DJ Duvvada Jagannatham,Movie_Assignments
DJ Tillu,Movie_Assignments
Don Nagarjuna,Movie_Assignments
Don Seenu,Movie_Assignments
Don SK,Movie_Assignments
Dongata,Movie_Assignments
Dongodu,Movie_Assignments
Dookudu,Movie_Assignments
Doosukeltha,Movie_Assignments
Dorasani,Movie_Assignments
Drona,Movie_Assignments
Dubai Seenu,Movie_Assignments
Dwaraka,Movie_Assignments
Eagle,Movie_Assignments
Eega,Movie_Assignments
Eeswar,Movie_Assignments
Ek Niranjan,Movie_Assignments
Ekkadiki Pothavu Chinnavada,Movie_Assignments
Endukante premanta,Movie_Assignments
Evadi Gola Vadidhey,Movie_Assignments
Evadithey Nakenti,Movie_Assignments
Extra Ordinary Man,Movie_Assignments
Family Circus,Movie_Assignments
Fida,Movie_Assignments
Gabbar Singh,Movie_Assignments
Gaddalakonda Ganesh,Movie_Assignments
Gam Gam Ganesha,Movie_Assignments
Gambler,Movie_Assignments
Gamyam,Movie_Assignments
Ganesh,Movie_Assignments
Ganesh Venkatesh,Movie_Assignments
Gang Leader Chiranjeevi,Movie_Assignments
Gang Leader Nani,Movie_Assignments
Ganga,Movie_Assignments
Gautami Putra Shatakarini,Movie_Assignments
Geetha Govindam,Movie_Assignments
Gemini,Movie_Assignments
Gentle Man Old,Movie_Assignments
Ghajini,Movie_Assignments
Gharana Mogudu,Movie_Assignments
Gharshana,Movie_Assignments
Ghatikudu,Movie_Assignments
Ghatokthachudu,Movie_Assignments
Godavari,Movie_Assignments
Godfather,Movie_Assignments
Godse,Movie_Assignments
Gokulamlo Seetha,Movie_Assignments
Golimaar,Movie_Assignments
Golkonda High School,Movie_Assignments
Golmaal Govindam,Movie_Assignments
Gopala Gopala,Movie_Assignments
Goutham Ssc,Movie_Assignments
Govindudu Andarivadele,Movie_Assignments
Gundamma Katha,Movie_Assignments
Gunde Jaari Gallanthayyindhe,Movie_Assignments
Guntur Talkies,Movie_Assignments
Guru,Movie_Assignments
Happy Days,Movie_Assignments
Heart Attack,Movie_Assignments
Hello,Movie_Assignments
Hello Brother,Movie_Assignments
HIT,Movie_Assignments
Hrudaya Kaleyam,Movie_Assignments
Husharu,Movie_Assignments
Hyper,Movie_Assignments
I,Movie_Assignments
Iddharammayilatho,Movie_Assignments
Idiot,Movie_Assignments
Indra,Movie_Assignments
Indrudu,Movie_Assignments
Ishq,Movie_Assignments
Ishq Teja Sajja,Movie_Assignments
Ism,Movie_Assignments
Ismart Shankar,Movie_Assignments
Jackpot,Movie_Assignments
Jaffa,Movie_Assignments
Jagadam,Movie_Assignments
Jai Chiranjeeva,Movie_Assignments
Jai Lava Kusa,Movie_Assignments
Jalsa,Movie_Assignments
Jambalakadi Pamba,Movie_Assignments
James bond,Movie_Assignments
Janatha Garage,Movie_Assignments
Japan,Movie_Assignments
Jayam,Movie_Assignments
Jayam Manadera,Movie_Assignments
Jeans,Movie_Assignments
Jersey,Movie_Assignments
Johnny,Movie_Assignments
Josh,Movie_Assignments
Journey,Movie_Assignments
Julayi,Movie_Assignments
Jyothi Lakshmi,Movie_Assignments
Kabali,Movie_Assignments
Kalisundam Ra,Movie_Assignments
Kalki (Rajasekhar),Movie_Assignments
Kalusukovalani,Movie_Assignments
Kalyana Ramudu,Movie_Assignments
Kanchana,Movie_Assignments
Kanchanamala Cable TV,Movie_Assignments
Kanche,Movie_Assignments
Kandireega,Movie_Assignments
Kantri,Movie_Assignments
Kanulu Kanulu Dhochayante,Movie_Assignments
Karthikeya,Movie_Assignments
Karthikeya 2,Movie_Assignments
Kashmora,Movie_Assignments
Katamarayudu,Movie_Assignments
Kathi Kantharao,Movie_Assignments
Kedi,Movie_Assignments
Kerintha,Movie_Assignments
Keshava,Movie_Assignments
Khaidhi Chiranjeevi,Movie_Assignments
Khaidhi Karthi,Movie_Assignments
Khaidhi No 150,Movie_Assignments
Khiladi,Movie_Assignments
Kick 2,Movie_Assignments
Kingdom,Movie_Assignments
Kithakithalu,Movie_Assignments
Ko Ko Kokila,Movie_Assignments
Kobbari Matta,Movie_Assignments
Komaram Puli,Movie_Assignments
Konchem Ishtam Konchem Kastam,Movie_Assignments
Kondapalli Raja,Movie_Assignments
Kotha Bangaru Lokam,Movie_Assignments
Kousalya Krishnamurthy,Movie_Assignments
Krack,Movie_Assignments
Krishna,Movie_Assignments
Krishna And His Leela,Movie_Assignments
Krishna Babu,Movie_Assignments
Krishna Gadi Veera Prema Gaadha,Movie_Assignments
Krishna Vrinda Vihari,Movie_Assignments
Krishnam Vande Jagadgurum,Movie_Assignments
Krishnarjuna Yudham,Movie_Assignments
KRK Kanmani Rambo Kathija,Movie_Assignments
Krrish,Movie_Assignments
Kshana Kshanam,Movie_Assignments
Kumari 21f,Movie_Assignments
Kushi Kushiga,Movie_Assignments
Lakshmis Ntr,Movie_Assignments
Lakshyam,Movie_Assignments
Leader,Movie_Assignments
Legend,Movie_Assignments
Leo Vijay,Movie_Assignments
Life Is Beautiful,Movie_Assignments
Linga,Movie_Assignments
Lion,Movie_Assignments
Loafer,Movie_Assignments
Loukyam,Movie_Assignments
Love Failure,Movie_Assignments
Love Story,Movie_Assignments
Love Today,Movie_Assignments
Lovely,Movie_Assignments
Lucifer,Movie_Assignments
Lucky Bhaskar,Movie_Assignments
Ma alludu very good,Movie_Assignments
Maa Annayya,Movie_Assignments
Maanadu,Movie_Assignments
Maari,Movie_Assignments
Maari 2,Movie_Assignments
Macherla Niyojaka Vargam,Movie_Assignments
Mad,Movie_Assignments
Madatha Kaja,Movie_Assignments
Madha Gaja Raja,Movie_Assignments
Maestro,Movie_Assignments
Magadheera,Movie_Assignments
Mahanubhavudu,Movie_Assignments
Maharadhi,Movie_Assignments
Maharshi,Movie_Assignments
Mahatma,Movie_Assignments
Mahaveerudu,Movie_Assignments
Majnu Nani,Movie_Assignments
Mallanna,Movie_Assignments
Mallesham,Movie_Assignments
Malli Malli Idhi Rani Roju,Movie_Assignments
Malliswari,Movie_Assignments
Mamagaru,Movie_Assignments
Manamey,Movie_Assignments
Manasantha Nuvve,Movie_Assignments
Manmadha,Movie_Assignments
Manmadhudu,Movie_Assignments
Manmadhudu 2,Movie_Assignments
Manyam Puli,Movie_Assignments
Mark Antony,Movie_Assignments
Maruthi Nagar Subramanyam,Movie_Assignments
Maryada Ramanna,Movie_Assignments
Maska,Movie_Assignments
Mass,Movie_Assignments
Master Chiranjeevi,Movie_Assignments
Master Vijay,Movie_Assignments
Mathu Vadalara,Movie_Assignments
Matka,Movie_Assignments
Matti Kusthi,Movie_Assignments
Mayabazaar New,Movie_Assignments
Mayabazaar Old,Movie_Assignments
Mayajalam,Movie_Assignments
Mayalodu,Movie_Assignments
MCA Middle Class Abbayi,Movie_Assignments
Mechanic Alludu,Movie_Assignments
Mechanic Rocky,Movie_Assignments
Meeku Matrame Cheptha,Movie_Assignments
Mehbooba,Movie_Assignments
Mem Famous,Movie_Assignments
Mirapakai,Movie_Assignments
Mirchi,Movie_Assignments
Mishan Impossible,Movie_Assignments
Miss India,Movie_Assignments
Miss Shetty Mr Polishetty,Movie_Assignments
Mister,Movie_Assignments
Mogudu,Movie_Assignments
Money Money,Movie_Assignments
Mosagallu,Movie_Assignments
Most Eligible Bachelor,Movie_Assignments
Mr Bachhan,Movie_Assignments
Mr Majnu,Movie_Assignments
Mr Perfect,Movie_Assignments
Mr Yerrababu,Movie_Assignments
Mruga Raju,Movie_Assignments
Mrugam,Movie_Assignments
Mugguru Monagallu,Movie_Assignments
Mukunda,Movie_Assignments
Muni,Movie_Assignments
Munna,Movie_Assignments
Na peru Siva,Movie_Assignments
Naa Alludu,Movie_Assignments
Naa Autograph,Movie_Assignments
Naaga,Movie_Assignments
Nagavalli,Movie_Assignments
Namo Venkatesa,Movie_Assignments
Nani,Movie_Assignments
Nanna,Movie_Assignments
Nannu Dhochukundhuvate,Movie_Assignments
Narasimha,Movie_Assignments
Narasimha Naidu,Movie_Assignments
Narasimhudu,Movie_Assignments
Nava Manmadhudu,Movie_Assignments
Nava Vasantham,Movie_Assignments
Nayak,Movie_Assignments
Nee Sneham,Movie_Assignments
Needhi Naadhi Oke Katha,Movie_Assignments
Nela Ticket,Movie_Assignments
Nene Ambani,Movie_Assignments
Nene Raju Nene Mantri,Movie_Assignments
Neninthey,Movie_Assignments
Nenu Local,Movie_Assignments
Nenu Meeku Telusa,Movie_Assignments
Nenu Na Rakshashi,Movie_Assignments
Nenu Sailaja,Movie_Assignments
Nenunnanu,Movie_Assignments
Nijam,Movie_Assignments
Ninne Ishtapaddanu,Movie_Assignments
Ninne Premistha,Movie_Assignments
Ninnu Chudaka Nenundalenu,Movie_Assignments
Ninnu Kori,Movie_Assignments
Nippu,Movie_Assignments
Nootokka Jillala Andagadu,Movie_Assignments
NTR Kathanayakudu,Movie_Assignments
NTR Mahanayakudu,Movie_Assignments
Nuvva Nena,Movie_Assignments
Nuvve Nuvve,Movie_Assignments
Nuvvu Leka Nenu Lenu,Movie_Assignments
Nuvvu Naku Nachav,Movie_Assignments
Nuvvu Nenu,Movie_Assignments
Nuvvu Vasthavani,Movie_Assignments
Oh My Friend,Movie_Assignments
Oka Laila Kosam,Movie_Assignments
Oke Okkadu,Movie_Assignments
Okka Magadu,Movie_Assignments
Okkadu,Movie_Assignments
Okkadunnadu,Movie_Assignments
Ongole Githa,Movie_Assignments
Oopiri,Movie_Assignments
Ooru Peru Bhaiaravakona,Movie_Assignments
Oorvashivo Rakshashivo,Movie_Assignments
Operation Duryodhana,Movie_Assignments
Orange,Movie_Assignments
Ottesi Chepthunna,Movie_Assignments
Oye,Movie_Assignments
Padi Padi Leche Manasu,Movie_Assignments
Paisa,Movie_Assignments
Paisa Vasool,Movie_Assignments
Pakka Commercial,Movie_Assignments
Pallakilo Pellikuthuru,Movie_Assignments
Palnati Bramhanaidu,Movie_Assignments
Panchathanthiram,Movie_Assignments
Pandaga Chesko,Movie_Assignments
Pandavalu Pandavalu Thummeda,Movie_Assignments
Pandem,Movie_Assignments
Panja,Movie_Assignments
Party,Movie_Assignments
Parugu,Movie_Assignments
Pedda Rayudu,Movie_Assignments
Pellam Oorelithe,Movie_Assignments
Pilla Zamindaar,Movie_Assignments
Police Story,Movie_Assignments
Policeodu,Movie_Assignments
Polimera,Movie_Assignments
Polimera 2,Movie_Assignments
Pooja Vishal,Movie_Assignments
Pournami,Movie_Assignments
Power,Movie_Assignments
Prasanna Vadanam,Movie_Assignments
Prasthanam,Movie_Assignments
Prathinidhi,Movie_Assignments
Premabhishekam,Movie_Assignments
Premam,Movie_Assignments
Premante Idera,Movie_Assignments
Prematho ra,Movie_Assignments
Premikula Roju,Movie_Assignments
Preminchukundham Raa,Movie_Assignments
Premisthe,Movie_Assignments
Premnagar,Movie_Assignments
Prince,Movie_Assignments
Priyamina Neeku,Movie_Assignments
Project Z,Movie_Assignments
Pushpaka Vimanam,Movie_Assignments
Race Gurram,Movie_Assignments
Racha,Movie_Assignments
Radha Gopalam,Movie_Assignments
Raghavendra,Movie_Assignments
Raghuvaran Btech,Movie_Assignments
Raja,Movie_Assignments
Raja Raja Chora,Movie_Assignments
Raja Rani,Movie_Assignments
Rajendrudu Gajendrudu,Movie_Assignments
Raju Bhai,Movie_Assignments
Raju Gari Gadhi 2,Movie_Assignments
Rakhi,Movie_Assignments
Rakshakudu,Movie_Assignments
Rakshashudu Surya,Movie_Assignments
Raktha Charithra,Movie_Assignments
Raktha Charithra 2,Movie_Assignments
Raktha Kanneeru,Movie_Assignments
Rama banam,Movie_Assignments
Rama Rama Krishna Krishna,Movie_Assignments
Ramayya Vastavayya,Movie_Assignments
Rang dhe,Movie_Assignments
Rangabali,Movie_Assignments
Rangam,Movie_Assignments
Raraju,Movie_Assignments
Rarandoi Veduka Chudham,Movie_Assignments
Rayalaseema Ramanna Choudhary,Movie_Assignments
Ready,Movie_Assignments
Rebel,Movie_Assignments
Red,Movie_Assignments
Remo,Movie_Assignments
Republic,Movie_Assignments
Robinhood,Movie_Assignments
Robo,Movie_Assignments
Robo 2,Movie_Assignments
Roja,Movie_Assignments
Rudramadevi,Movie_Assignments
Sagara Sangamam,Movie_Assignments
Sahasam,Movie_Assignments
Saindhav,Movie_Assignments
Sainikudu,Movie_Assignments
Sakhi,Movie_Assignments
Sakshyam,Movie_Assignments
Samajavaragamana,Movie_Assignments
Samara Simha Reddy,Movie_Assignments
Samba,Movie_Assignments
Sammohanam,Movie_Assignments
Sankranthi,Movie_Assignments
Santhosham,Movie_Assignments
Sarada Bullodu,Movie_Assignments
Saradaga Kasepu,Movie_Assignments
Sardaar,Movie_Assignments
Sardaar Gabbar Singh,Movie_Assignments
Sarkar Vijay,Movie_Assignments
Sarkaru Vari Paata,Movie_Assignments
Sarpatta Pramparai,Movie_Assignments
Sarrainodu,Movie_Assignments
Seema Simham,Movie_Assignments
Seema Tapakai,Movie_Assignments
Seenu (Venkatesh),Movie_Assignments
Seenu Vasanthi Lakshmi,Movie_Assignments
Seetha,Movie_Assignments
Seetha Rama Raju,Movie_Assignments
Seethamma Vakitlo Sirimalle Chettu,Movie_Assignments
Seetimaar,Movie_Assignments
Shadow,Movie_Assignments
Shailaja Reddy Alludu,Movie_Assignments
Shakthi,Movie_Assignments
Shankar Dada Mbbs,Movie_Assignments
Shankar Dada Zindabaad,Movie_Assignments
Shathamanam Bhavathi,Movie_Assignments
Shivaji,Movie_Assignments
Shivamani,Movie_Assignments
Shock,Movie_Assignments
Shyam Singha Roy,Movie_Assignments
Simha,Movie_Assignments
Simhadri,Movie_Assignments
Simharasi,Movie_Assignments
Singham 123,Movie_Assignments
Sir Dhanush,Movie_Assignments
Siva Rama Raju,Movie_Assignments
Sivayya,Movie_Assignments
Skanda,Movie_Assignments
SMS,Movie_Assignments
Sneham Kosam,Movie_Assignments
Snehamante Idhera,Movie_Assignments
Snehithudu Vijay,Movie_Assignments
SO Satyamaurthy,Movie_Assignments
Soggade Chinni Nayana,Movie_Assignments
Soggadu,Movie_Assignments
Solo,Movie_Assignments
Solo Bathuke So Better,Movie_Assignments
Somberi,Movie_Assignments
Sr Kalyana Mandapam,Movie_Assignments
Sri Anjaneyam,Movie_Assignments
Sri Manjunatha,Movie_Assignments
Sri Ram,Movie_Assignments
Sri Rama Chandrulu,Movie_Assignments
Sri Ramadasu,Movie_Assignments
Sridevi Soda Center,Movie_Assignments
Srimannarayan,Movie_Assignments
Srirama Chandrulu,Movie_Assignments
Stalin,Movie_Assignments
Style,Movie_Assignments
Subbu,Movie_Assignments
Subhalagnam,Movie_Assignments
Subramanyam For Sale,Movie_Assignments
Sudigadu,Movie_Assignments
Sukumarudu,Movie_Assignments
Super,Movie_Assignments
Super Heroes,Movie_Assignments
Supreme,Movie_Assignments
Suriya Gang,Movie_Assignments
Surya Son Of Krishnan,Movie_Assignments
Surya vs surya,Movie_Assignments
Suryavamsam,Movie_Assignments
Suswagatham,Movie_Assignments
Swami Ra Ra,Movie_Assignments
Swathi Mutyam,Movie_Assignments
Swayamkrushi,Movie_Assignments
Swayamvaram,Movie_Assignments
Sye,Movie_Assignments
Sye Raa Narasimha Reddy,Movie_Assignments
Tagore,Movie_Assignments
Takkari,Movie_Assignments
Takkari Donga,Movie_Assignments
Tata Birla Madhyalo Laila,Movie_Assignments
Taxiwaala,Movie_Assignments
Teenmaar,Movie_Assignments
Tej I Love You,Movie_Assignments
Thadakha,Movie_Assignments
Thammudu PK,Movie_Assignments
The Legend Saravanan,Movie_Assignments
The Warrior,Movie_Assignments
Thellavarithe Guruvaram,Movie_Assignments
Thenali,Movie_Assignments
They Call Him OG,Movie_Assignments
Thiru,Movie_Assignments
Tholi Prema PK,Movie_Assignments
Tholi Prema Varun Tej,Movie_Assignments
Thoofan,Movie_Assignments
Thulasi,Movie_Assignments
Thuppakki,Movie_Assignments
Tiger Harishchandra Prasad,Movie_Assignments
Tirumala Tirupathi Venkatesa,Movie_Assignments
Touch Chesi Chudu,Movie_Assignments
Twnety Four,Movie_Assignments
U Turn,Movie_Assignments
Ullasanga Uthsahanga,Movie_Assignments
Uma Maheswara Ugra Roopasya,Movie_Assignments
Upendra,Movie_Assignments
Uppena,Movie_Assignments
Uu Kodathara Ulikki Padathara,Movie_Assignments
Uyyala Jampala,Movie_Assignments
V,Movie_Assignments
Vallabha,Movie_Assignments
Varasudu Vijay,Movie_Assignments
Varsham,Movie_Assignments
Varudu,Movie_Assignments
Varudu Kavalenu,Movie_Assignments
Varun Doctor,Movie_Assignments
Vasantham,Movie_Assignments
Vasthadu Na Raju,Movie_Assignments
Vasu,Movie_Assignments
Vedam,Movie_Assignments
Veede,Movie_Assignments
Veedokkade,Movie_Assignments
Veera,Movie_Assignments
Vennela,Movie_Assignments
Victory,Movie_Assignments
Vijayendra Varma,Movie_Assignments
Vijetha,Movie_Assignments
Vikram Kamal Hassan,Movie_Assignments
Vikramarkudu,Movie_Assignments
Villain,Movie_Assignments
Vinaro Bhagyamu Vishnu Katha,Movie_Assignments
Vinaya Vidheya Rama,Movie_Assignments
Vivekam,Movie_Assignments
Vunnadi Okate Zindagi,Movie_Assignments
Whistle,Movie_Assignments
Winner,Movie_Assignments
World Famous Lover,Movie_Assignments
Writer Padmabhushan,Movie_Assignments
Yagnam,Movie_Assignments
Yamadonga,Movie_Assignments
Yamagola,Movie_Assignments
Yamagola Malli Modhalindhi,Movie_Assignments
Yamudiki Mogudu,Movie_Assignments
Yamudu,Movie_Assignments
Yamudu 2,Movie_Assignments
Yamudu 3,Movie_Assignments
Yatra 2,Movie_Assignments
Ye Maye Chesave,Movie_Assignments
Yeto Vellipoindhi Manasu,Movie_Assignments
Yevadu,Movie_Assignments
Yogi,Movie_Assignments
Yuganiki Okkadu,Movie_Assignments
Yuva,Movie_Assignments
Yuva Raju,Movie_Assignments
Yuvatha,Movie_Assignments
Zombie Reddy,Movie_Assignments
