filename,secret_code
Adhurs_transliterated.csv,K7mR9vL2pQ
Anaganaga Oka Raju_transliterated.csv,ae2EpTpM3z
Arjun Reddy_transliterated.csv,T5wJ9hD6fM
Funky_transliterated.csv,z4B8cN1xY3
Guntur Karam_transliterated.csv,P3nG8qW5tL
Jathiratnalu_transliterated.csv,M35qrUeCNU
Kalki 2898 AD_transliterated.csv,jDJqaEAh2q
KGF Chapter 1_transliterated.csv,nLeTXMf73u
Little Hearts_transliterated.csv,reRJGcayaa
Mana Shankara Vara Prasad Garu_transliterated.csv,6FDaUjWbju
Mathu Vadalara 2_transliterated.csv,MftKSi9rvn
Mithra Mandali_transliterated.csv,rXNgtMDy4p
Pushpa 2_transliterated.csv,X9vR4mK2cH
RRR_transliterated.csv,tjhybH3JTg
Salaar_transliterated.csv,5fp8F5JRmg
Sankranthiki Vasthunam_transliterated.csv,6r9pR37xJz
With Love_transliterated.csv,D6sF1jQ7nY
