movie_name,youtube_url
100% Love,https://www.youtube.com/watch?v=D06awr4iZMw&t=3155s&pp=ygUdMTAwIGxvdmUgZnVsbCBtb3ZpZSBpbiB0ZWx1Z3U%3D
Aagadu,https://www.youtube.com/watch?v=hravgftk9gQ&t=4s
Adbutham,https://www.youtube.com/watch?v=qCwNw--c3TQ&t=1s
Adhinayakudu,https://www.youtube.com/watch?v=gQpD1M3SYdo
Adhugo,https://www.youtube.com/watch?v=mPqWjSyqkJw&pp=ygUYQWRodWdvIHRlbHVndSBmdWxsIG1vdmll
Adhurs,https://drive.google.com/file/d/1n2rKeAXHgOCnGPylOVC4YTVKCc3cC8Te/view?usp=sharing
Adirindhi Mersal Vijay,https://www.youtube.com/watch?v=2S_UEaXSs3M
Aditya 369,https://www.youtube.com/watch?v=vGPfZu7SD-4&t=4107s&pp=ygUcQWRpdHlhIDM2OSB0ZWx1Z3UgZnVsbCBtb3ZpZQ%3D%3D
Aha Na Pellanta,https://www.youtube.com/watch?v=z7TOvBDF5d8&pp=ygUhQWhhIE5hIFBlbGxhbnRhIHRlbHVndSBmdWxsIG1vdmll
Aha Na Pellanta New,https://www.youtube.com/watch?v=CV30F9fUSiE&pp=ygUhQWhhIE5hIFBlbGxhbnRhIHRlbHVndSBmdWxsIG1vdmll
Akashamantha,https://www.youtube.com/watch?v=nox5wXbYpXg&pp=ygUlQWFrYXNhbSBOZWUgSGFkZHVyYSB0ZWx1Z3UgZnVsbCBtb3ZpZQ%3D%3D
Akhanda,https://www.youtube.com/watch?v=rrD-lpB9Afg
Akkada ammayi ikkada abbayi,https://www.youtube.com/watch?v=Vl5a-mrhXGk&pp=ygUYSm9obm55IHRlbHVndSBmdWxsIG1vdmll
Ala Modalindhi,https://www.youtube.com/watch?v=Pp_qvpbSjts&t=5s
Allari police,https://www.youtube.com/watch?v=dp1mTt9_vRc
Allari Ramudu,https://www.youtube.com/watch?v=_29c-X9EDjc&pp=ygURQWxsYXJpIGZ1bGwgbW92aWU%3D
Ambajipeta Marriage Band,https://www.youtube.com/watch?v=ZAI9j31mRRw&t=1715s&pp=ygUqQW1iYWppcGV0YSBNYXJyaWFnZSBCYW5kIHRlbHVndSBmdWxsIG1vdmll
Amma Rajyam Lo Kadapa Biddalu,https://www.youtube.com/watch?v=SMmAl-twSlo
Ammo Okato Thareeku,https://www.youtube.com/watch?v=0Leuz6ml_sE&pp=ygUhQWhhIE5hIFBlbGxhbnRhIHRlbHVndSBmdWxsIG1vdmll
Anand,https://www.youtube.com/watch?v=bp4OkEPSwew&t=20s
Andagadu Rajendra Prasad,https://www.youtube.com/watch?v=CIGwJkrINg4
Andaru Dongale Dorikithey,https://www.youtube.com/watch?v=mJhwr0FFpXU
Andhrudu,https://www.youtube.com/watch?v=Z8gsgLVMGGM
Annamayya,https://www.youtube.com/watch?v=NOFpbJkrFX4&pp=ygUgTWF5YWJhemFhciBuZXcgdGVsdWd1IGZ1bGwgbW92aWU%3D
Annayya,https://www.youtube.com/watch?v=Deoo7_CQFdg&t=9s&pp=ygUZQW5uYXl5YSB0ZWx1Z3UgZnVsbCBtb3ZpZQ%3D%3D
Anukokunda Oka Roju,https://www.youtube.com/watch?v=8NwJJo0A1q8&pp=ygUlQW51a29rdW5kYSBPa2EgUm9qdSB0ZWx1Z3UgZnVsbCBtb3ZpZQ%3D%3D
Apadbandhavudu,https://www.youtube.com/watch?v=lUH1HkOulbQ&pp=ygUgQXBhZGJhbmRoYXZ1ZHUgdGVsdWd1IGZ1bGwgbW92aWU%3D
Aparichithudu,https://www.youtube.com/watch?v=TFFJlpjp2Xo
Appalaraju,https://www.youtube.com/watch?v=OSG0ZJicB7g
April 1 Vidudhala,https://www.youtube.com/watch?v=dLGzj-HVa2A&pp=ygUcQWRpdHlhIDM2OSB0ZWx1Z3UgZnVsbCBtb3ZpZQ%3D%3D
Apthudu,https://www.youtube.com/watch?v=MZ9RAz3dfqU&pp=ygUZQXB0aHVkdSB0ZWx1Z3UgZnVsbCBtb3ZpZQ%3D%3D
Aravinda Sametha Veera Raghava,https://www.youtube.com/watch?v=wP6VwHKve4k&t=2s&pp=ygUYZGV2YXJhIGZ1bGwgbW92aWUgdGVsdWd1
Arjun,https://www.youtube.com/watch?v=llpx-hW-ncI
Arunachalam,https://www.youtube.com/watch?v=OZaDOlNw8xc&pp=ygUWQWFydSB0ZWx1Z3UgZnVsbCBtb3ZpZQ%3D%3D
Arundathi,https://www.youtube.com/watch?v=3kPbPcI17Os&pp=ygUbQXJ1bmRhdGhpIHRlbHVndSBmdWxsIG1vdmll
Arya 2,https://www.youtube.com/watch?v=BKbpwgTCLnY&t=3349s
Asadhyudu,https://www.youtube.com/watch?v=DZgh6Ola1lo
Ashok,https://www.youtube.com/watch?v=VbvT7-GcQGo
Ashoka Vanam Lo Arjuna Kalyanam,https://www.youtube.com/watch?v=X5UA0dWD8vU&pp=ygUxQXNob2thIFZhbmFtIExvIEFyanVuYSBLYWx5YW5hbSB0ZWx1Z3UgZnVsbCBtb3ZpZdIHCQnFCgGHKiGM7w%3D%3D
Ashta Chamma,https://www.youtube.com/watch?v=dzJCya42vpM&pp=ygUWTmFuaSB0ZWx1Z3UgZnVsbCBtb3ZpZQ%3D%3D
Athadu,https://www.youtube.com/watch?v=REPH25hcJvE&t=2154s
Athanokkade,https://www.youtube.com/watch?v=Axo1qkT75vo&pp=ygUdQXRoYW5va2thZGUgdGVsdWd1IGZ1bGwgbW92aWU%3D
Atharintiki Daredhi,https://www.youtube.com/watch?v=lcWLYBj7Jhc&pp=ygUlQXRoYXJpbnRpa2kgRGFyZWRoaSB0ZWx1Z3UgZnVsbCBtb3ZpZQ%3D%3D
Athidhi,https://www.youtube.com/watch?v=6_5U4-EpP8E&pp=ygUZQXRoaWRoaSB0ZWx1Z3UgZnVsbCBtb3ZpZQ%3D%3D
Athili Sathibabu LKG,https://www.youtube.com/watch?v=kqSb32tfASU
Avunanna Kadhanna,https://www.youtube.com/watch?v=fKHjWYT0rFM&pp=ygUSdGVsdWd1IGZ1bGwgbW92aWVz
Avunu,https://www.youtube.com/watch?v=J2z_bz3ie7o
Avunu vallidharuu ishtapaddaru,https://www.youtube.com/watch?v=U7GuZzLYxb0&pp=ygUqSXRsdSBTcmF2YW5pIFN1YnJhbWFueWFtIHRlbHVndSBmdWxsIG1vdmll
Awe,https://www.youtube.com/watch?v=Afae1QN_Zj0
Baadshah,https://www.youtube.com/watch?v=C-CRRVpoZqM&t=2s
Baba,https://www.youtube.com/watch?v=lG4E2WMg6KQ&pp=ygUWQmFiYSB0ZWx1Z3UgZnVsbCBtb3ZpZQ%3D%3D
Badri,https://www.youtube.com/watch?v=oR03GUu5nVU
Bahubali 2,https://www.youtube.com/watch?v=TS1lGPAA4Q0&pp=ygUcQmFodWJhbGkgMiB0ZWx1Z3UgZnVsbCBtb3ZpZQ%3D%3D
Bahubali The Epic,https://www.youtube.com/watch?v=8gp9ZjrNWzs&t=1s&pp=ygUcQmFodWJhbGkgMiB0ZWx1Z3UgZnVsbCBtb3ZpZQ%3D%3D
Baladoor,https://www.youtube.com/watch?v=dtw25FNcm6Y&pp=ygUVRG9uIHRlbHVndSBmdWxsIG1vdmll0gcJCcUKAYcqIYzv
Balupu,https://www.youtube.com/watch?v=XdnWRmE8-aA&t=2182s
Basha,https://www.youtube.com/watch?v=US_ea37d7eQ
Bava,https://www.youtube.com/watch?v=xxK8uqgcy0w&pp=ygUWYWF0YSB0ZWx1Z3UgZnVsbCBtb3ZpZQ%3D%3D
Bavagaru Bagunnara,https://www.youtube.com/watch?v=tMf2PVmfQgo
Bhageeratha,https://www.youtube.com/watch?v=odXWFos803M&pp=ygUSdGVsdWd1IGZ1bGwgbW92aWVz
Bharath Ane Nenu,https://www.youtube.com/watch?v=oNpzgHAlgZI&pp=ygUiQmhhcmF0aCBBbmUgTmVudSB0ZWx1Z3UgZnVsbCBtb3ZpZQ%3D%3D
Bheemavaram Bullodu,https://www.youtube.com/watch?v=dkkHEAui61E&pp=ygUrVGF0YSBCaXJsYSBNYWRoeWFsbyBMYWlsYSB0ZWx1Z3UgZnVsbCBtb3ZpZQ%3D%3D
Bheemili Kabaddi Jattu,https://www.youtube.com/watch?v=hu8NDQ8R3zU&t=2240s&pp=ygUSdGVsdWd1IGZ1bGwgbW92aWVz
Bhola Shankar,https://www.youtube.com/watch?v=R4n937fBRcY
Bindas,https://www.youtube.com/watch?v=4Ik0dMJQlN4
Bluff Master,https://www.youtube.com/watch?v=OgClV1zml9E
Bobby,https://www.youtube.com/watch?v=g0sU7O98b5A&pp=ygUXQm9iYnkgdGVsdWd1IGZ1bGwgbW92aWU%3D
Bodyguard,https://www.youtube.com/watch?v=rJBbVMxr028
Bommana Brothers Chandana Sisters,https://www.youtube.com/watch?v=GROKNJIKCDg&t=234s&pp=ygUSdGVsdWd1IGZ1bGwgbW92aWVz0gcJCcUKAYcqIYzv
Bommarillu,https://www.youtube.com/watch?v=bFopndgUPio&pp=ygUcQm9tbWFyaWxsdSB0ZWx1Z3UgZnVsbCBtb3ZpZQ%3D%3D
Bootcut Balaraju,https://www.youtube.com/watch?v=bD14OdGvPZA
Boss Nagarjuna,https://www.youtube.com/watch?v=7cXWThSSONY
Boys,https://www.youtube.com/watch?v=SywEGQY5c5s&pp=ygUWQm95cyB0ZWx1Z3UgZnVsbCBtb3ZpZQ%3D%3D
Bramhachari,https://www.youtube.com/watch?v=lgHQ-u765HA&t=1917s
Bramhotsavam,https://www.youtube.com/watch?v=ZKbydYg8R-E&pp=ygUeQnJhbWhvdHNhdmFtIHRlbHVndSBmdWxsIG1vdmll
Brother of Bommali,https://www.youtube.com/watch?v=uK0GKZ3tXQU
Brothers,https://www.youtube.com/watch?v=zh1K7PewxFY
Bruce Lee,https://www.youtube.com/watch?v=_Zymt5y244Q&pp=ygUbQnJ1Y2UgTGVlIHRlbHVndSBmdWxsIG1vdmll
Brundavanam,https://www.youtube.com/watch?v=87bV6MBb4fA
Buridi,https://www.youtube.com/watch?v=JY-9lBn_gHM&pp=ygUYQnVyaWRpIHRlbHVndSBmdWxsIG1vdmll
Cauliflower,https://www.youtube.com/watch?v=jmusE0dUS7U
Chakram,https://www.youtube.com/watch?v=nKFfPERyyZw
Chal Mohana Ranga,https://www.youtube.com/watch?v=bBDB6_Eui20&t=1714s
Challenge,https://www.youtube.com/watch?v=OG0N_zf3F-Q
Chandamama,https://www.youtube.com/watch?v=DSCPzIUd8GE&pp=ygUcQ2hhbmRhbWFtYSB0ZWx1Z3UgZnVsbCBtb3ZpZQ%3D%3D
Chantabbai,https://www.youtube.com/watch?v=Nbq8p4PTjE4&pp=ygUWQm95cyB0ZWx1Z3UgZnVsbCBtb3ZpZQ%3D%3D
Chanti,https://www.youtube.com/watch?v=5dOiDqpQ4cU
Chatrapathi,https://www.youtube.com/watch?v=D7Zqc_s2Lwo
Check,https://www.youtube.com/watch?v=GSKESeQviKk
Cheppave Chirugali,https://www.youtube.com/watch?v=e12Gcs9oWjg&pp=ygURQWxsYXJpIGZ1bGwgbW92aWU%3D
Chintakayala Ravi,https://www.youtube.com/watch?v=l74MjPk8NFo&t=3431s
Chirunavvutho,https://www.youtube.com/watch?v=grxF_ORgaa8&pp=ygUfY2hpcnVuYXZ2dXRobyB0ZWx1Z3UgZnVsbCBtb3ZpZQ%3D%3D
Chirutha,https://www.youtube.com/watch?v=_jvUsPiPJqM&t=4s&pp=ygUaQ2hpcnV0aGEgdGVsdWd1IGZ1bGwgbW92aWU%3D
Chudalani undhi,https://www.youtube.com/watch?v=UXffx_Ki2SQ&pp=ygUdQWRhdmkgUmFtdWR1dGVsdWd1IGZ1bGwgbW92aWU%3D
Chukkallo Chandrudu,https://www.youtube.com/watch?v=iSwPDr0MKaQ&pp=ygUWYWF0YSB0ZWx1Z3UgZnVsbCBtb3ZpZQ%3D%3D
Cinema Chupistha Mama,https://www.youtube.com/watch?v=ksgBujFNWLE
Coolie no 1,https://www.youtube.com/watch?v=7wQnL5A9mN0&pp=ygUjbGFrc2htaSB2ZW5rYXRlc2ggdGVsdWd1IGZ1bGwgbW92aWU%3D
Current,https://www.youtube.com/watch?v=k8i6snrlcu4&pp=ygUmVWxsYXNhbmdhIFV0aHNhaGFuZ2EgdGVsdWd1IGZ1bGwgbW92aWU%3D
Current Theega,https://www.youtube.com/watch?v=dauXji8Jzaw&pp=ygUWYWF0YSB0ZWx1Z3UgZnVsbCBtb3ZpZQ%3D%3D
Daddy,https://www.youtube.com/watch?v=czLFfcISTIM
Dalapathi,https://www.youtube.com/watch?v=U8JfvHrU7q8&pp=ygUbRGFsYXBhdGhpIHRlbHVndSBmdWxsIG1vdmll
Damarukam,https://www.youtube.com/watch?v=3eZFMjVvgJ4&pp=ygUbRGFtYXJ1a2FtIHRlbHVndSBmdWxsIG1vdmll
Darbar,https://www.youtube.com/watch?v=1ZAvnGPigU4&pp=ygUYRGFyYmFyIHRlbHVndSBmdWxsIG1vdmll
Darling,https://www.youtube.com/watch?v=jR-WC37aq8o&pp=ygUSdGVsdWd1IGZ1bGwgbW92aWVz
Daruvu,https://www.youtube.com/watch?v=KkqC5nX5ae0&pp=ygUYRGFydXZ1IHRlbHVndSBmdWxsIG1vdmll
Das Ka Dhamki,https://www.youtube.com/watch?v=OzpIbDfidI0
Dasara,https://www.youtube.com/watch?v=1H8RLmwU_B4
Dashavatharam,https://www.youtube.com/watch?v=ODsMf9Hzg7s
Dear Comrade,https://www.youtube.com/watch?v=ITx2Gf0kpT0
Desamuduru,https://www.youtube.com/watch?v=m6B7KGgC91U&t=2011s&pp=ygUSdGVsdWd1IGZ1bGwgbW92aWVz
Detective,https://www.youtube.com/watch?v=UkoqiQkqcEI
Devadas Nani,https://www.youtube.com/watch?v=E8llpsczra8&pp=ygUeRGV2YWRhcyBOYW5pIHRlbHVndSBmdWxsIG1vdmll
Devadas Ram,https://www.youtube.com/watch?v=PsjGa5Off0Y&t=3526s
Devudu Chesina Manushulu,https://www.youtube.com/watch?v=bhi-ncrHXiE&pp=ygUqRGV2dWR1IENoZXNpbmEgTWFudXNodWx1IHRlbHVndSBmdWxsIG1vdmll
Devullu,https://www.youtube.com/watch?v=rflwJQ8hi2M
Dhada,https://www.youtube.com/watch?v=E2uotyZjHeA
Dhairyam,https://www.youtube.com/watch?v=HNKfXYh6xY4
Dhamaka,https://www.youtube.com/watch?v=y5pMdOFutCo
Dhamki,https://www.youtube.com/watch?v=zK92Q3P6Q_c
Dhammu,https://www.youtube.com/watch?v=8672S_MYaxs
Dharma Yogi,https://www.youtube.com/watch?v=dRNgigqPazg&pp=ygUdRGhhcm1hIFlvZ2kgdGVsdWd1IGZ1bGwgbW92aWU%3D
Dhee,https://www.youtube.com/watch?v=WfU3wdzgP3I&t=2402s&pp=ygUrVGF0YSBCaXJsYSBNYWRoeWFsbyBMYWlsYSB0ZWx1Z3UgZnVsbCBtb3ZpZQ%3D%3D
Dhochey,https://www.youtube.com/watch?v=IZ0egQlhj30&pp=ygUZRGhvY2hleSB0ZWx1Z3UgZnVsbCBtb3ZpZdIHCQnFCgGHKiGM7w%3D%3D
Dhoolpeta,https://www.youtube.com/watch?v=NU1J62UX9cU&pp=ygUfRmFsYWtudW1hIERhcyB0ZWx1Z3UgZnVsbCBtb3ZpZQ%3D%3D
Dhruva,https://www.youtube.com/watch?v=A77rGW61mFI
Dictator,https://www.youtube.com/watch?v=PAkw4zJ8xtM
Dil,https://www.youtube.com/watch?v=v5L4agMryu8&pp=ygUZdmFyc2hhbSB0ZWx1Z3UgZnVsbCBtb3ZpZQ%3D%3D
Disco Raja,https://www.youtube.com/watch?v=Kv9phA91Gxw&t=3369s&pp=ygUcRGlzY28gUmFqYSB0ZWx1Z3UgZnVsbCBtb3ZpZdIHCQnFCgGHKiGM7w%3D%3D
DJ Duvvada Jagannatham,https://www.youtube.com/watch?v=GQ8hnfe5v_M&pp=ygUSdGVsdWd1IGZ1bGwgbW92aWVz
DJ Tillu,https://www.youtube.com/watch?v=pJcOoAHdAUE&pp=ygUaREogVGlsbHUgdGVsdWd1IGZ1bGwgbW92aWU%3D
Don Nagarjuna,https://www.youtube.com/watch?v=K1rPDlVbjmM&pp=ygUVRG9uIHRlbHVndSBmdWxsIG1vdmll0gcJCcUKAYcqIYzv
Don Seenu,https://www.youtube.com/watch?v=eQr1QRNlGU8
Don SK,https://www.youtube.com/watch?v=EOgA1VQGw0k&t=33s
Dongata,https://www.youtube.com/watch?v=un3GltbgOgo
Dongodu,https://www.youtube.com/watch?v=k4cGfVbjxzY&pp=ygUSVGFra2FyaSBmdWxsIG1vdmll0gcJCcUKAYcqIYzv
Dookudu,https://www.youtube.com/watch?v=G5ZNbNxs9Os&t=4s
Doosukeltha,https://www.youtube.com/watch?v=jr5gMwX4Thk&pp=ygUhRGVuaWthaW5hIFJlYWR5IHRlbHVndSBmdWxsIG1vdmll
Dorasani,https://www.youtube.com/watch?v=1Rjo4qidbJQ
Drona,https://www.youtube.com/watch?v=litaBycP0So&pp=ygUSVGFra2FyaSBmdWxsIG1vdmll
Dubai Seenu,https://www.youtube.com/watch?v=tMrLlmjOD74&pp=ygUSdGVsdWd1IGZ1bGwgbW92aWVz
Dwaraka,https://www.youtube.com/watch?v=DDWPxs8zTzg&pp=ygUYZGV2YXJhIGZ1bGwgbW92aWUgdGVsdWd1
Eagle,https://www.youtube.com/watch?v=adZi31iHu0c
Eega,https://www.youtube.com/watch?v=HW4YkNZutBg&pp=ygUVRWVnYXRlbHVndSBmdWxsIG1vdmll
Eeswar,https://www.youtube.com/watch?v=q4VZxrGzMGg&t=2270s
Ek Niranjan,https://www.youtube.com/watch?v=f9SIFownXUk&pp=ygUdQWRhdmkgUmFtdWR1dGVsdWd1IGZ1bGwgbW92aWU%3D
Ekkadiki Pothavu Chinnavada,https://www.youtube.com/watch?v=mz-i7HXAdFE&pp=ygUkVmVua2F0YWRyaSBFeHByZXNzIHRlbHVndSBmdWxsIG1vdmll
Endukante premanta,https://www.youtube.com/watch?v=S4kOkY-RB_E&pp=ygUiSWRkYXJhbW1heWlsYXRobyB0ZWx1Z3UgZnVsbCBtb3ZpZQ%3D%3D
Evadi Gola Vadidhey,https://www.youtube.com/watch?v=unOYr97BL6Y&t=1842s&pp=ygUSdGVsdWd1IGZ1bGwgbW92aWVz
Evadithey Nakenti,https://www.youtube.com/watch?v=tioOhd8OS2Y&pp=ygUaWWFtdWR1IDIgdGVsdWd1IGZ1bGwgbW92aWU%3D
Extra Ordinary Man,https://www.youtube.com/watch?v=CTmC8iBhL7k
Family Circus,https://www.youtube.com/watch?v=EX0CijNGQPA
Fida,https://www.youtube.com/watch?v=yiiGeMjCY7c&pp=ygUWRmlkYSB0ZWx1Z3UgZnVsbCBtb3ZpZQ%3D%3D
Gabbar Singh,https://www.youtube.com/watch?v=EztUsjJAh0E&t=3s
Gaddalakonda Ganesh,https://www.youtube.com/watch?v=740AEtHZJRE
Gam Gam Ganesha,https://www.youtube.com/watch?v=-FuT2x-PXXA
Gambler,https://www.youtube.com/watch?v=MOORTNZSXUw&pp=ygUZR2FtYmxlciB0ZWx1Z3UgZnVsbCBtb3ZpZQ%3D%3D
Gamyam,https://www.youtube.com/watch?v=_VgImhznlXw&pp=ygUYZ2FteWFtIHRlbHVndSBmdWxsIG1vdmll
Ganesh,https://www.youtube.com/watch?v=tYnl99ECr3E
Ganesh Venkatesh,https://www.youtube.com/watch?v=sgryxjPieM8&pp=ygUjbGFrc2htaSB2ZW5rYXRlc2ggdGVsdWd1IGZ1bGwgbW92aWU%3D
Gang Leader Chiranjeevi,https://www.youtube.com/watch?v=iN4CXNncOk8&t=1768s
Gang Leader Nani,https://www.youtube.com/watch?v=Ua9uALWSFmU
Ganga,https://www.youtube.com/watch?v=K1suB7om2_g&pp=ygUXR2FuZ2EgdGVsdWd1IGZ1bGwgbW92aWU%3D
Gautami Putra Shatakarini,https://www.youtube.com/watch?v=2QZ9SxtS49Y
Geetha Govindam,https://www.youtube.com/watch?v=omSw8I20aqw&pp=ygUhR2VldGhhIEdvdmluZGFtIHRlbHVndSBmdWxsIG1vdmll
Gemini,https://www.youtube.com/watch?v=cenLF_yc7PE&pp=ygUfS2FsaXN1bmRhbSBSYSB0ZWx1Z3UgZnVsbCBtb3ZpZQ%3D%3D
Gentle Man Old,https://www.youtube.com/watch?v=RUU6BCIz78o&pp=ygUcR2VudGxlIE1hbiB0ZWx1Z3UgZnVsbCBtb3ZpZQ%3D%3D
Ghajini,https://www.youtube.com/watch?v=LM2G9hB1Kk8
Gharana Mogudu,https://www.youtube.com/watch?v=2-dLBzZ4hU8
Gharshana,https://www.youtube.com/watch?v=9z2-hA5Amuc&pp=ygUcTWFsbGlzd2FyaSB0ZWx1Z3UgZnVsbCBtb3ZpZQ%3D%3D
Ghatikudu,https://www.youtube.com/watch?v=veQ1GAucNGI&t=2626s
Ghatokthachudu,https://www.youtube.com/watch?v=-hpRZWc7kUU
Godavari,https://www.youtube.com/watch?v=k_-PvLgr1c0&pp=ygUaR29kYXZhcmkgdGVsdWd1IGZ1bGwgbW92aWU%3D
Godfather,https://www.youtube.com/watch?v=gtZhKUGVxAA
Godse,https://www.youtube.com/watch?v=c1IvSjevS0Q
Gokulamlo Seetha,https://www.youtube.com/watch?v=dtg1RbZDpUk&pp=ygUXS3VzaGkgdGVsdWd1IGZ1bGwgbW92aWU%3D
Golimaar,https://www.youtube.com/watch?v=QwTjmE--_qs
Golkonda High School,https://www.youtube.com/watch?v=MY_E4z22vIY
Golmaal Govindam,https://www.youtube.com/watch?v=j9xVnjmOF2g
Gopala Gopala,https://www.youtube.com/watch?v=lnqLnXimUu8
Goutham Ssc,https://www.youtube.com/watch?v=MxZhHmiSKT4&pp=ygUSdGVsdWd1IGZ1bGwgbW92aWVz
Govindudu Andarivadele,https://www.youtube.com/watch?v=nVsJLEIMnmE
Gundamma Katha,https://www.youtube.com/watch?v=7996TZ9lCeI
Gunde Jaari Gallanthayyindhe,https://www.youtube.com/watch?v=sq4H5PLNlXI&pp=ygUuR3VuZGUgSmFhcmkgR2FsbGFudGhheXlpbmRoZSB0ZWx1Z3UgZnVsbCBtb3ZpZQ%3D%3D
Guntur Talkies,https://www.youtube.com/watch?v=xJO-1bzILq0&t=2231s&pp=ygUoQWFydWd1cnUgUGF0aGl2cmF0aGFsdSB0ZWx1Z3UgZnVsbCBtb3ZpZQ%3D%3D
Guru,https://www.youtube.com/watch?v=38qIvn_WR38&pp=ygUWR3VydSB0ZWx1Z3UgZnVsbCBtb3ZpZQ%3D%3D
Happy Days,https://www.youtube.com/watch?v=FTMox3mbWHA&pp=ygUSdGVsdWd1IGZ1bGwgbW92aWVz
Heart Attack,https://www.youtube.com/watch?v=PPUE2pBF7hQ&pp=ygUeSGVhcnQgQXR0YWNrIHRlbHVndSBmdWxsIG1vdmll
Hello,https://www.youtube.com/watch?v=xap2MPugy50
Hello Brother,https://www.youtube.com/watch?v=wkGyJRlOURk
HIT,https://www.youtube.com/watch?v=hTb1PEyAqbs&pp=ygUVSElUIHRlbHVndSBmdWxsIG1vdmll
Hrudaya Kaleyam,https://www.youtube.com/watch?v=Y5nbxbIylqc&pp=ygUfS29iYmFyaSBNYXR0YSB0ZWx1Z3UgZnVsbCBtb3ZpZQ%3D%3D
Husharu,https://www.youtube.com/watch?v=w4Hfeq2_X8c&pp=ygUSdGVsdWd1IGZ1bGwgbW92aWVz
Hyper,https://www.youtube.com/watch?v=XnAGPlABRmg&pp=ygUXSHlwZXIgdGVsdWd1IGZ1bGwgbW92aWU%3D
I,https://www.youtube.com/watch?v=CrHYkk9muUQ&pp=ygUTaSB0ZWx1Z3UgZnVsbCBtb3ZpZQ%3D%3D
Iddharammayilatho,https://www.youtube.com/watch?v=Rv3DLPFbQgA&t=3s&pp=ygUiSWRkYXJhbW1heWlsYXRobyB0ZWx1Z3UgZnVsbCBtb3ZpZQ%3D%3D
Idiot,https://www.youtube.com/watch?v=nz5ViMGI6TU&pp=ygUWYWF0YSB0ZWx1Z3UgZnVsbCBtb3ZpZdIHCQnFCgGHKiGM7w%3D%3D
Indra,https://www.youtube.com/watch?v=LorbrQ-8RUg&pp=ygUcdmVlcmEgc2ltaGEgcmVkZHkgZnVsbCBtb3ZpZQ%3D%3D
Indrudu,https://www.youtube.com/watch?v=O7vdHEDpwT8&t=2013s
Ishq,https://www.youtube.com/watch?v=soe6Uxbtlxk&pp=ygUSdGVsdWd1IGZ1bGwgbW92aWVz
Ishq Teja Sajja,https://www.youtube.com/watch?v=BV6etXc9lvw
Ism,https://www.youtube.com/watch?v=G0zZS7A_S-I&pp=ygUVSXNtIHRlbHVndSBmdWxsIG1vdmll
Ismart Shankar,https://www.youtube.com/watch?v=T8P6IMUGosM&list=PLmgJIGff4_cwekvpQ5wLvOoqt06e6GdvX
Jackpot,https://www.youtube.com/watch?v=gAuYde5qMmo
Jaffa,https://www.youtube.com/watch?v=Z7mXSdSBScA
Jagadam,https://www.youtube.com/watch?v=-ffb1caYIbI&pp=ygUZSmFnYWRhbSB0ZWx1Z3UgZnVsbCBtb3ZpZdIHCQnFCgGHKiGM7w%3D%3D
Jai Chiranjeeva,https://www.youtube.com/watch?v=2rdorVNupsE
Jai Lava Kusa,https://www.youtube.com/watch?v=lsJZWkMGVtk
Jalsa,https://www.youtube.com/watch?v=7XAODdMez4E
Jambalakadi Pamba,https://www.youtube.com/watch?v=z21F5PIcM6U&pp=ygUrVGF0YSBCaXJsYSBNYWRoeWFsbyBMYWlsYSB0ZWx1Z3UgZnVsbCBtb3ZpZQ%3D%3D
James bond,https://www.youtube.com/watch?v=ZAtCIYkcTas&pp=ygUWQm95cyB0ZWx1Z3UgZnVsbCBtb3ZpZQ%3D%3D
Janatha Garage,https://www.youtube.com/watch?v=EJ9Vh3vKM2o
Japan,https://www.youtube.com/watch?v=qu2DVzxOn0c
Jayam,https://www.youtube.com/watch?v=Y-GJgg3iux8
Jayam Manadera,https://www.youtube.com/watch?v=ubq5gdCVEWk&pp=ygURQWxsYXJpIGZ1bGwgbW92aWU%3D
Jeans,https://www.youtube.com/watch?v=tvouwKHAQEw
Jersey,https://www.youtube.com/watch?v=ynjXYAL3m4Y&pp=ygUWTmFuaSB0ZWx1Z3UgZnVsbCBtb3ZpZQ%3D%3D
Johnny,https://www.youtube.com/watch?v=zAtgTpO-724&pp=ygUYSm9obm55IHRlbHVndSBmdWxsIG1vdmll
Josh,https://www.youtube.com/watch?v=bqONXgABU2c
Journey,https://www.youtube.com/watch?v=b67BScpedYk&pp=ygUZSm91cm5leSB0ZWx1Z3UgZnVsbCBtb3ZpZQ%3D%3D
Julayi,https://www.youtube.com/watch?v=cqbKXl8apso
Jyothi Lakshmi,https://www.youtube.com/watch?v=qTBuUzxkjUM
Kabali,https://www.youtube.com/watch?v=gxtvzVjapDU&pp=ygUYS2FiYWxpIHRlbHVndSBmdWxsIG1vdmll
Kalisundam Ra,https://www.youtube.com/watch?v=IQQP_ZedqZo&t=4436s&pp=ygUfS2FsaXN1bmRhbSBSYSB0ZWx1Z3UgZnVsbCBtb3ZpZQ%3D%3D
Kalki (Rajasekhar),https://www.youtube.com/watch?v=9HyyDo8UCLw&pp=ygUkS2Fsa2kgKFJhamFzZWtoYXIpIHRlbHVndSBmdWxsIG1vdmll
Kalusukovalani,https://www.youtube.com/watch?v=sh-1wUAiGQA
Kalyana Ramudu,https://www.youtube.com/watch?v=BnZDu2UN3NI&t=79s&pp=ygUgS2FseWFuYSBSYW11ZHUgdGVsdWd1IGZ1bGwgbW92aWU%3D
Kanchana,https://www.youtube.com/watch?v=1GfOKw6QJiE&pp=ygUWQWFydSB0ZWx1Z3UgZnVsbCBtb3ZpZQ%3D%3D
Kanchanamala Cable TV,https://www.youtube.com/watch?v=qVgVStCNYoo&pp=ygUhS2FiYWRkaSBLYWJhZGRpIHRlbHVndSBmdWxsIG1vdmll
Kanche,https://www.youtube.com/watch?v=X86vEhY3bas&pp=ygUYS2FuY2hlIHRlbHVndSBmdWxsIG1vdmll
Kandireega,https://www.youtube.com/watch?v=6FrGQy8uG8w&pp=ygUcS2FuZGlyZWVnYSB0ZWx1Z3UgZnVsbCBtb3ZpZQ%3D%3D
Kantri,https://www.youtube.com/watch?v=rHAtkDlxFqw&pp=ygUYS2FudHJpIHRlbHVndSBmdWxsIG1vdmll0gcJCcUKAYcqIYzv
Kanulu Kanulu Dhochayante,https://www.youtube.com/watch?v=wmer024GJbw&t=4083s
Karthikeya,https://www.youtube.com/watch?v=z_swR8Sebvs
Karthikeya 2,https://www.youtube.com/watch?v=xAFCq81EteQ
Kashmora,https://www.youtube.com/watch?v=enVVAXLFR0Q
Katamarayudu,https://www.youtube.com/watch?v=rli321-VYRA&t=2307s
Kathi Kantharao,https://www.youtube.com/watch?v=Wc8nX5Bt-XI&pp=ygUrVGF0YSBCaXJsYSBNYWRoeWFsbyBMYWlsYSB0ZWx1Z3UgZnVsbCBtb3ZpZQ%3D%3D
Kedi,https://www.youtube.com/watch?v=vZ7StbAZix4
Kerintha,https://www.youtube.com/watch?v=FpYIv-_GOVI&pp=ygUaS2VyaW50aGEgdGVsdWd1IGZ1bGwgbW92aWU%3D
Keshava,https://www.youtube.com/watch?v=4b57264cfwc
Khaidhi Chiranjeevi,https://www.youtube.com/watch?v=sQMk2cToSCg&pp=ygUlS2hhaWRoaSBDaGlyYW5qZWV2aSB0ZWx1Z3UgZnVsbCBtb3ZpZQ%3D%3D
Khaidhi Karthi,https://www.youtube.com/watch?v=j7QAlBfA0gY
Khaidhi No 150,https://www.youtube.com/watch?v=OabhcT0Aqv0
Khiladi,https://www.youtube.com/watch?v=ToDlqbO_RCw
Kick 2,https://www.youtube.com/watch?v=Si4iE3H6MFs&pp=ygUYS2ljayAyIHRlbHVndSBmdWxsIG1vdmll
Kingdom,https://www.youtube.com/watch?v=-L6wRyORpw0
Kithakithalu,https://www.youtube.com/watch?v=bVPE9Cn3hqM&t=2118s
Ko Ko Kokila,https://www.youtube.com/watch?v=2VIP-0zhUTg&pp=ygUcS2VlZGEgQ29sYSB0ZWx1Z3UgZnVsbCBtb3ZpZQ%3D%3D
Kobbari Matta,https://www.youtube.com/watch?v=A-Yt3YRVGPM&pp=ygUfS29iYmFyaSBNYXR0YSB0ZWx1Z3UgZnVsbCBtb3ZpZQ%3D%3D
Komaram Puli,https://www.youtube.com/watch?v=_DQj4iN5FB8&pp=ygUeS29tYXJhbSBQdWxpIHRlbHVndSBmdWxsIG1vdmll
Konchem Ishtam Konchem Kastam,https://www.youtube.com/watch?v=ZQ6pAU_DM9Y&t=3315s
Kondapalli Raja,https://www.youtube.com/watch?v=GktNSzhfnXM
Kotha Bangaru Lokam,https://www.youtube.com/watch?v=Z9uOI_PyEfA
Kousalya Krishnamurthy,https://www.youtube.com/watch?v=Nj30YsjGea0&pp=ygUWQm95cyB0ZWx1Z3UgZnVsbCBtb3ZpZQ%3D%3D
Krack,https://www.youtube.com/watch?v=KLRzqLQ5ld4&pp=ygUXS3JhY2sgdGVsdWd1IGZ1bGwgbW92aWU%3D
Krishna,https://www.youtube.com/watch?v=cuewRj4Lepk&t=6s
Krishna And His Leela,https://www.youtube.com/watch?v=pTdBENpRvHY&pp=ygUWSmFjayB0ZWx1Z3UgZnVsbCBtb3ZpZQ%3D%3D
Krishna Babu,https://www.youtube.com/watch?v=E7e_242XFrk&pp=ygUeS3Jpc2huYSBCYWJ1IHRlbHVndSBmdWxsIG1vdmll
Krishna Gadi Veera Prema Gaadha,https://www.youtube.com/watch?v=CTbYZSP0i8Y
Krishna Vrinda Vihari,https://www.youtube.com/watch?v=twAwzpUxJZE
Krishnam Vande Jagadgurum,https://www.youtube.com/watch?v=1LgNj2p9QCM&pp=ygUrS3Jpc2huYW0gVmFuZGUgSmFnYWRndXJ1bSB0ZWx1Z3UgZnVsbCBtb3ZpZdIHCQnFCgGHKiGM7w%3D%3D
Krishnarjuna Yudham,https://www.youtube.com/watch?v=782qZuFNtLY
KRK Kanmani Rambo Kathija,https://www.youtube.com/watch?v=AQItIG3Vaqg
Krrish,https://www.youtube.com/watch?v=9Yx_03MOaNg
Kshana Kshanam,https://www.youtube.com/watch?v=LfphYM9a2zo&pp=ygUZS3NoYW5hbSB0ZWx1Z3UgZnVsbCBtb3ZpZQ%3D%3D
Kumari 21f,https://www.youtube.com/watch?v=HCF1br05oLM&pp=ygUcS3VtYXJpIDIxZiB0ZWx1Z3UgZnVsbCBtb3ZpZQ%3D%3D
Kushi,https://www.youtube.com/watch?v=i8uptlNuy-s&pp=ygUXS3VzaGkgdGVsdWd1IGZ1bGwgbW92aWU%3D
Kushi Kushiga,https://www.youtube.com/watch?v=TZitAw9w10c&pp=ygUXS3VzaGkgdGVsdWd1IGZ1bGwgbW92aWXSBwkJxQoBhyohjO8%3D
Lakshmis Ntr,https://www.youtube.com/watch?v=tc0Wi7FW2sc&pp=ygUiTlRSIE1haGFuYXlha3VkdSB0ZWx1Z3UgZnVsbCBtb3ZpZQ%3D%3D
Lakshyam,https://www.youtube.com/watch?v=wz2ZoRMsn7w&pp=ygUWYWF0YSB0ZWx1Z3UgZnVsbCBtb3ZpZQ%3D%3D
Leader,https://www.youtube.com/watch?v=xr65BR53_Mg&list=PLmgJIGff4_cyYs4q8scbMKiUsjOeJctfJ
Legend,https://www.youtube.com/watch?v=Px5nHPQZ-1o
Leo Vijay,https://www.youtube.com/watch?v=QpK3-kJk3Co
Life Is Beautiful,https://www.youtube.com/watch?v=jNbLFO5asK0&pp=ygUhR2VldGhhIEdvdmluZGFtIHRlbHVndSBmdWxsIG1vdmll
Linga,https://www.youtube.com/watch?v=Lsjza70MZKE&pp=ygUXTGluZ2EgdGVsdWd1IGZ1bGwgbW92aWU%3D
Lion,https://www.youtube.com/watch?v=r94WMM9hbZY&pp=ygUWTGlvbiB0ZWx1Z3UgZnVsbCBtb3ZpZQ%3D%3D
Loafer,https://www.youtube.com/watch?v=twPy6h1910E
Loukyam,https://www.youtube.com/watch?v=K6SwQmwkOe0
Love Failure,https://www.youtube.com/watch?v=D0dBwF9cG4I&pp=ygUeTG92ZSBGYWlsdXJlIHRlbHVndSBmdWxsIG1vdmll
Love Story,https://www.youtube.com/watch?v=rH0Mhk7SF9w
Love Today,https://www.youtube.com/watch?v=u1gGetJZEqs
Lovely,https://www.youtube.com/watch?v=WEnwIunCdxs
Lucifer,https://www.youtube.com/watch?v=TqePuDY1_7s
Lucky Bhaskar,https://www.youtube.com/watch?v=5s0hqn5TooM&t=1724s&pp=ygUSdGVsdWd1IGZ1bGwgbW92aWVz
Ma alludu very good,https://www.youtube.com/watch?v=FiucEY7HOtU&pp=ygUWQWFydSB0ZWx1Z3UgZnVsbCBtb3ZpZQ%3D%3D
Maa Annayya,https://www.youtube.com/watch?v=msXq9qbJdlo&pp=ygURQWxsYXJpIGZ1bGwgbW92aWU%3D
Maanadu,https://www.youtube.com/watch?v=3jDYWgQlpYQ
Maari,https://www.youtube.com/watch?v=HhHCjpz0R3I&pp=ygUiUmFnaHV2YXJhbiBCdGVjaCB0ZWx1Z3UgZnVsbCBtb3ZpZQ%3D%3D
Maari 2,https://www.youtube.com/watch?v=1X8GcmP7CAs
Macherla Niyojaka Vargam,https://www.youtube.com/watch?v=J3fpbd35Nfs
Mad,https://www.youtube.com/watch?v=zgcMwsKCgKs&pp=ygUSdGVsdWd1IGZ1bGwgbW92aWVz
Madatha Kaja,https://www.youtube.com/watch?v=Y61n1H9nxsI
Madha Gaja Raja,https://www.youtube.com/watch?v=Ig2NpSAkbwg
Maestro,https://www.youtube.com/watch?v=UGPadZIwXPk
Magadheera,https://www.youtube.com/watch?v=1DIrsAOkx1c&t=5s&pp=ygUdQWRhdmkgUmFtdWR1dGVsdWd1IGZ1bGwgbW92aWU%3D
Mahanubhavudu,https://www.youtube.com/watch?v=v6z6A0u0RZA&pp=ygUSdGVsdWd1IGZ1bGwgbW92aWVz
Maharadhi,https://www.youtube.com/watch?v=5HUoIoVVZfM
Maharshi,https://www.youtube.com/watch?v=y99RZSBoh-w&pp=ygUaTWFoYXJzaGkgdGVsdWd1IGZ1bGwgbW92aWU%3D
Mahatma,https://www.youtube.com/watch?v=LGmy9rtRvaM&pp=ygUZTWFoYXRtYSB0ZWx1Z3UgZnVsbCBtb3ZpZQ%3D%3D
Mahaveerudu,https://www.youtube.com/watch?v=3aAAyZbdFfk
Majnu Nani,https://www.youtube.com/watch?v=xD1BhK9pUNA&pp=ygUcTWFqbnUgbmFuaSB0ZWx1Z3UgZnVsbCBtb3ZpZQ%3D%3D
Mallanna,https://www.youtube.com/watch?v=an8NQd6VZeE
Mallesham,https://www.youtube.com/watch?v=HQwD6gnvYLI&pp=ygUbTWFsbGVzaGFtIHRlbHVndSBmdWxsIG1vdmll
Malli Malli Idhi Rani Roju,https://www.youtube.com/watch?v=lzldG7Nmye4
Malliswari,https://www.youtube.com/watch?v=Z5lGjY0Xo9g&t=18s&pp=ygUcTWFsbGlzd2FyaSB0ZWx1Z3UgZnVsbCBtb3ZpZQ%3D%3D
Mamagaru,https://www.youtube.com/watch?v=B2rz2pw0zw4&pp=ygUaTWFtYWdhcnUgdGVsdWd1IGZ1bGwgbW92aWU%3D
Manamey,https://www.youtube.com/watch?v=_TKqDgYiNDc
Manasantha Nuvve,https://www.youtube.com/watch?v=3EQm9Hw16Ec&pp=ygUiTWFuYXNhbnRoYSBOdXZ2ZSB0ZWx1Z3UgZnVsbCBtb3ZpZQ%3D%3D
Manmadha,https://www.youtube.com/watch?v=4Fhp82y1cbU
Manmadhudu,https://www.youtube.com/watch?v=mf7sk4IydGo&t=2336s&pp=ygUcTWFubWFkaHVkdSB0ZWx1Z3UgZnVsbCBtb3ZpZQ%3D%3D
Manmadhudu 2,https://www.youtube.com/watch?v=tvtKQ85RLVE
Manyam Puli,https://www.youtube.com/watch?v=fwqtPQBxnHY
Mark Antony,https://www.youtube.com/watch?v=DBgCnb4zz4s&pp=ygUSdGVsdWd1IGZ1bGwgbW92aWVz
Maruthi Nagar Subramanyam,https://www.youtube.com/watch?v=B-H2z5keV28
Maryada Ramanna,https://www.youtube.com/watch?v=OhmOT3FiYag&pp=ygURQWxsYXJpIGZ1bGwgbW92aWU%3D
Maska,https://www.youtube.com/watch?v=zqgfNNbfTuk&pp=ygUhRGVuaWthaW5hIFJlYWR5IHRlbHVndSBmdWxsIG1vdmll
Mass,https://www.youtube.com/watch?v=stG0g3CuYgM&pp=ygUWTWFzcyB0ZWx1Z3UgZnVsbCBtb3ZpZQ%3D%3D
Master Chiranjeevi,https://www.youtube.com/watch?v=U8Vi9vhevo8&list=PLmgJIGff4_cx_XrTsW6GLgCco8mt8HexL
Master Vijay,https://www.youtube.com/watch?v=l26DYL5FMDc
Mathu Vadalara,https://www.youtube.com/watch?v=DgWLVO6sK1E
Matka,https://www.youtube.com/watch?v=yz_rEbKwZTs
Matti Kusthi,https://www.youtube.com/watch?v=rBE5aTC1KG8
Mayabazaar New,https://www.youtube.com/watch?v=ycwxnZSyyF0&pp=ygUgTWF5YWJhemFhciBuZXcgdGVsdWd1IGZ1bGwgbW92aWU%3D
Mayabazaar Old,https://www.youtube.com/watch?v=tas_30CdOss&pp=ygUcQWRpdHlhIDM2OSB0ZWx1Z3UgZnVsbCBtb3ZpZQ%3D%3D
Mayajalam,https://www.youtube.com/watch?v=imdcoeneZbQ&pp=ygUgTWF5YWJhemFhciBuZXcgdGVsdWd1IGZ1bGwgbW92aWU%3D
Mayalodu,https://www.youtube.com/watch?v=wbm-9kby9oM
MCA Middle Class Abbayi,https://www.youtube.com/watch?v=Y8DyD1cQn_s&pp=ygUnTWlkZGxlIENsYXNzIE1lbG9kaWVzIHRlbHVndSBmdWxsIG1vdmll
Mechanic Alludu,https://www.youtube.com/watch?v=bBXvBqAXQj4&t=2s&pp=ygUeQWxsdWR1IHNlZW51IHRlbHVndSBmdWxsIG1vdmll
Mechanic Rocky,https://www.youtube.com/watch?v=L4-SVwMCmfY
Meeku Matrame Cheptha,https://www.youtube.com/watch?v=11i2K4Gh3VE
Mehbooba,https://www.youtube.com/watch?v=PcgC95NY1ks&pp=ygUaTWVoYm9vYmEgdGVsdWd1IGZ1bGwgbW92aWU%3D
Mem Famous,https://www.youtube.com/watch?v=GMDzRkcUQYk&pp=ygUWQm95cyB0ZWx1Z3UgZnVsbCBtb3ZpZQ%3D%3D
Mirapakai,https://www.youtube.com/watch?v=XtvHPzBv65E
Mirchi,https://www.youtube.com/watch?v=b8dvhBPrGtw
Mishan Impossible,https://www.youtube.com/watch?v=Kibxdv_oLl8&pp=ygUjTWlzaGFuIEltcG9zc2libGUgdGVsdWd1IGZ1bGwgbW92aWU%3D
Miss India,https://www.youtube.com/watch?v=U82Uq3H8RE4&pp=ygUcTWlzcyBJbmRpYSB0ZWx1Z3UgZnVsbCBtb3ZpZQ%3D%3D
Miss Shetty Mr Polishetty,https://www.youtube.com/watch?v=W22-_Sn_Ecw
Mister,https://www.youtube.com/watch?v=F0j5rRvHwjE
Mogudu,https://www.youtube.com/watch?v=IFyZepgfzCk
Money Money,https://www.youtube.com/watch?v=MflVmUYV06E&pp=ygUeQnJhbWhhbmFuZGFtIHRlbHVndSBmdWxsIG1vdmll
Mosagallu,https://www.youtube.com/watch?v=Sjl18B4sj5E&pp=ygUbTW9zYWdhbGx1IHRlbHVndSBmdWxsIG1vdmll
Most Eligible Bachelor,https://www.youtube.com/watch?v=qbjybPzwfmk
Mr Bachhan,https://www.youtube.com/watch?v=LiXh9pwj0Xg
Mr Majnu,https://www.youtube.com/watch?v=-V0boH3bQ8c
Mr Perfect,https://www.youtube.com/watch?v=ChVQraBKAsQ
Mr Yerrababu,https://www.youtube.com/watch?v=FvYnneKwTrs&pp=ygUrVGF0YSBCaXJsYSBNYWRoeWFsbyBMYWlsYSB0ZWx1Z3UgZnVsbCBtb3ZpZdIHCQnFCgGHKiGM7w%3D%3D
Mruga Raju,https://www.youtube.com/watch?v=zMHiz5myPkU
Mrugam,https://www.youtube.com/watch?v=xMrGK1343XE
Mugguru Monagallu,https://www.youtube.com/watch?v=J_1JRCuoAaY
Mukunda,https://www.youtube.com/watch?v=yDQURE4oYk0
Muni,https://www.youtube.com/watch?v=5CTiQjbZUvs&pp=ygUSdGVsdWd1IGZ1bGwgbW92aWVz
Munna,https://www.youtube.com/watch?v=ZGhCyBCBrWs
Na peru Siva,https://www.youtube.com/watch?v=8a_I0o75UhI
Naa Alludu,https://www.youtube.com/watch?v=iCqzRVDJz-0&t=1497s&pp=ygUSdGVsdWd1IGZ1bGwgbW92aWVz
Naa Autograph,https://www.youtube.com/watch?v=Oa0KOfVxe7E&t=1738s
Naaga,https://www.youtube.com/watch?v=GP0a3VsoC5g
Nagavalli,https://www.youtube.com/watch?v=iMerfZ1GxOc
Namo Venkatesa,https://www.youtube.com/watch?v=uMJkyB8Ipy4
Nani,https://www.youtube.com/watch?v=QyBlwqmNM3U&pp=ygUWTmFuaSB0ZWx1Z3UgZnVsbCBtb3ZpZQ%3D%3D
Nanna,https://www.youtube.com/watch?v=lXYV3KyjUrs
Nannu Dhochukundhuvate,https://www.youtube.com/watch?v=Ow88-J3Kx0Y&pp=ygUoTmFubnUgRGhvY2h1a3VuZGh1dmF0ZSB0ZWx1Z3UgZnVsbCBtb3ZpZQ%3D%3D
Narasimha,https://www.youtube.com/watch?v=WC56pTs9WjE
Narasimha Naidu,https://www.youtube.com/watch?v=3HGjPv_JZuQ
Narasimhudu,https://www.youtube.com/watch?v=9etrUEprcTo&pp=ygUdTmFyYXNpbWh1ZHUgdGVsdWd1IGZ1bGwgbW92aWU%3D
Nava Manmadhudu,https://www.youtube.com/watch?v=WuO-WO6uxnk
Nava Vasantham,https://www.youtube.com/watch?v=qjhuIuLh49c&pp=ygUWQm95cyB0ZWx1Z3UgZnVsbCBtb3ZpZQ%3D%3D
Nayak,https://www.youtube.com/watch?v=W03c_X8VcV0&t=1003s
Nee Sneham,https://www.youtube.com/watch?v=lu6x3VUpfIc&pp=ygUcTmVlIFNuZWhhbSB0ZWx1Z3UgZnVsbCBtb3ZpZQ%3D%3D
Needhi Naadhi Oke Katha,https://www.youtube.com/watch?v=cjy2Rt_mM-Y&pp=ygUfR2FhbGkgU2FtcGF0aCB0ZWx1Z3UgZnVsbCBtb3ZpZQ%3D%3D
Nela Ticket,https://www.youtube.com/watch?v=-NHA8OLNbtc&pp=ygUdTmVsYSBUaWNrZXQgdGVsdWd1IGZ1bGwgbW92aWU%3D
Nene Ambani,https://www.youtube.com/watch?v=n7Cp-wlLk-Y&pp=ygUdTmVuZSBBbWJhbmkgdGVsdWd1IGZ1bGwgbW92aWU%3D
Nene Raju Nene Mantri,https://www.youtube.com/watch?v=_RDIT7hkZOs
Neninthey,https://www.youtube.com/watch?v=Zg6NFCE9xfs&t=2710s&pp=ygUncmF2aSB0ZWphIG5heWFuYXRoYXJhIHRlbHVndSBmdWxsIG1vdmll
Nenu Local,https://www.youtube.com/watch?v=sqW95LOMrBU&t=4s
Nenu Meeku Telusa,https://www.youtube.com/watch?v=oi0QSdMsd9w
Nenu Na Rakshashi,https://www.youtube.com/watch?v=1TEOmlE1kiU
Nenu Sailaja,https://www.youtube.com/watch?v=ifsMzBZgJuc
Nenunnanu,https://www.youtube.com/watch?v=RO4xXvBkAwk
Nijam,https://www.youtube.com/watch?v=nWPFjZXm-Do&pp=ygUXTmlqYW0gdGVsdWd1IGZ1bGwgbW92aWU%3D
Ninne Ishtapaddanu,https://www.youtube.com/watch?v=4Q26x3zakjc&pp=ygUkTmlubmUgSXNodGFwYWRkYW51IHRlbHVndSBmdWxsIG1vdmll
Ninne Premistha,https://www.youtube.com/watch?v=td4CwEqfznE
Ninnu Chudaka Nenundalenu,https://www.youtube.com/watch?v=7XBRqcAv6Uc
Ninnu Kori,https://www.youtube.com/watch?v=uwJYlzoT0eE&pp=ygUXS3VzaGkgdGVsdWd1IGZ1bGwgbW92aWU%3D
Nippu,https://www.youtube.com/watch?v=jwyz3tI9cIA
Nootokka Jillala Andagadu,https://www.youtube.com/watch?v=KLplGqQMr4c&pp=ygUrTm9vdG9ra2EgSmlsbGFsYSBBbmRhZ2FkdSB0ZWx1Z3UgZnVsbCBtb3ZpZQ%3D%3D
NTR Kathanayakudu,https://www.youtube.com/watch?v=dmirapdWNwY&t=1741s
NTR Mahanayakudu,https://www.youtube.com/watch?v=OUzlh7fRrCc&pp=ygUiTlRSIE1haGFuYXlha3VkdSB0ZWx1Z3UgZnVsbCBtb3ZpZQ%3D%3D
Nuvva Nena,https://www.youtube.com/watch?v=_5Wza_wEtXU&pp=ygUYZ2FteWFtIHRlbHVndSBmdWxsIG1vdmll
Nuvve Nuvve,https://www.youtube.com/watch?v=TUJp1GrfJQc&pp=ygUdTnV2dmUgTnV2dmUgdGVsdWd1IGZ1bGwgbW92aWU%3D
Nuvvu Leka Nenu Lenu,https://www.youtube.com/watch?v=ozB2ULZIZ8Y&t=1823s&pp=ygURQWxsYXJpIGZ1bGwgbW92aWU%3D
Nuvvu Naku Nachav,https://www.youtube.com/watch?v=glbn3fzBL8U&t=787s&pp=ygUWYWF0YSB0ZWx1Z3UgZnVsbCBtb3ZpZQ%3D%3D
Nuvvu Nenu,https://www.youtube.com/watch?v=puTXexmmtxM&pp=ygUdTnV2dmUgTnV2dmUgdGVsdWd1IGZ1bGwgbW92aWU%3D
Nuvvu Vasthavani,https://www.youtube.com/watch?v=sY8N_pS-pUU&pp=ygUdQWRhdmkgUmFtdWR1dGVsdWd1IGZ1bGwgbW92aWU%3D
Oh My Friend,https://www.youtube.com/watch?v=t6e4f-3cUAk&t=4932s
Oka Laila Kosam,https://www.youtube.com/watch?v=IFyhgPKpApo&pp=ygUhT2thIExhaWxhIEtvc2FtIHRlbHVndSBmdWxsIG1vdmll
Oke Okkadu,https://www.youtube.com/watch?v=C-N6AXexpYw&pp=ygUWWXV2YSB0ZWx1Z3UgZnVsbCBtb3ZpZQ%3D%3D
Okka Magadu,https://www.youtube.com/watch?v=QArFCwTeRF4&pp=ygUdT2trYSBNYWdhZHUgdGVsdWd1IGZ1bGwgbW92aWU%3D
Okkadu,https://www.youtube.com/watch?v=LzTSJp10Tl8&pp=ygUZdmFyc2hhbSB0ZWx1Z3UgZnVsbCBtb3ZpZQ%3D%3D
Okkadunnadu,https://www.youtube.com/watch?v=UsrjCZfHdKg&pp=ygUdT2trYWR1bm5hZHUgdGVsdWd1IGZ1bGwgbW92aWU%3D
Ongole Githa,https://www.youtube.com/watch?v=R5fTTSJ81AA
Oopiri,https://www.youtube.com/watch?v=n9U4hYytViQ
Ooru Peru Bhaiaravakona,https://www.youtube.com/watch?v=3qMwh75werw
Oorvashivo Rakshashivo,https://www.youtube.com/watch?v=0L5rFunB974
Operation Duryodhana,https://www.youtube.com/watch?v=RB9U4Go1b68&pp=ygUmT3BlcmF0aW9uIER1cnlvZGhhbmEgdGVsdWd1IGZ1bGwgbW92aWU%3D
Orange,https://www.youtube.com/watch?v=y7hXA1IwiUE&pp=ygUSdGVsdWd1IGZ1bGwgbW92aWVz
Ottesi Chepthunna,https://www.youtube.com/watch?v=nFs4uYvBop8&pp=ygUjT3R0ZXNpIENoZXB0aHVubmEgdGVsdWd1IGZ1bGwgbW92aWU%3D
Oye,https://www.youtube.com/watch?v=Zejiz78jQ2A&t=3579s&pp=ygUWYWF0YSB0ZWx1Z3UgZnVsbCBtb3ZpZQ%3D%3D
Padi Padi Leche Manasu,https://www.youtube.com/watch?v=7573Avgi4Tc
Paisa,https://www.youtube.com/watch?v=rdiNEgtOnGo&t=2722s&pp=ygUWTmFuaSB0ZWx1Z3UgZnVsbCBtb3ZpZQ%3D%3D
Paisa Vasool,https://www.youtube.com/watch?v=L6OK07vURp4
Pakka Commercial,https://www.youtube.com/watch?v=HYoG86NSsh8
Pallakilo Pellikuthuru,https://www.youtube.com/watch?v=Y9WuP4KcsEM
Palnati Bramhanaidu,https://www.youtube.com/watch?v=D7FwN2pAS3o&pp=ygUlUGFsbmF0aSBCcmFtaGFuYWlkdSB0ZWx1Z3UgZnVsbCBtb3ZpZQ%3D%3D
Panchathanthiram,https://www.youtube.com/watch?v=sGbcwIqZkWc&pp=ygUiUGFuY2hhdGhhbnRoaXJhbSB0ZWx1Z3UgZnVsbCBtb3ZpZQ%3D%3D
Pandaga Chesko,https://www.youtube.com/watch?v=tQwr4Tywk1o
Pandavalu Pandavalu Thummeda,https://www.youtube.com/watch?v=B7179Myc0Kg&pp=ygUuUGFuZGF2YWx1IFBhbmRhdmFsdSBUaHVtbWVkYSB0ZWx1Z3UgZnVsbCBtb3ZpZQ%3D%3D
Pandem,https://www.youtube.com/watch?v=Ugl5EHoFjv8&list=PLmgJIGff4_cywuTso-LzkEpF3UdFgZaL2&index=21
Panja,https://www.youtube.com/watch?v=WgcNsi6VFtY
Party,https://www.youtube.com/watch?v=fPifTbzSd-c&pp=ygURQWxsYXJpIGZ1bGwgbW92aWU%3D
Parugu,https://www.youtube.com/watch?v=zcQOJUAORls&pp=ygUiSWRkYXJhbW1heWlsYXRobyB0ZWx1Z3UgZnVsbCBtb3ZpZQ%3D%3D
Pedda Rayudu,https://www.youtube.com/watch?v=nEcrsNXaSuQ&pp=ygUeUGVkZGEgUmF5dWR1IHRlbHVndSBmdWxsIG1vdmll
Pellam Oorelithe,https://www.youtube.com/watch?v=LZYHPkpsW-w&pp=ygUiUGVsbGFtIE9vcmVsaXRoZSB0ZWx1Z3UgZnVsbCBtb3ZpZQ%3D%3D
Pilla Zamindaar,https://www.youtube.com/watch?v=pCDwEFfWgbQ&t=5s
Police Story,https://www.youtube.com/watch?v=5d_xk4hx910&pp=ygUeUG9saWNlIFN0b3J5IHRlbHVndSBmdWxsIG1vdmll
Policeodu,https://www.youtube.com/watch?v=NLop_vrkTrw&pp=ygUbUG9saWNlb2R1IHRlbHVndSBmdWxsIG1vdmll0gcJCcUKAYcqIYzv
Polimera,https://www.youtube.com/watch?v=Hq-FvWcQuuE
Polimera 2,https://www.youtube.com/watch?v=GEfv0VVGhxI&pp=ygUcUG9saW1lcmEgMiB0ZWx1Z3UgZnVsbCBtb3ZpZQ%3D%3D
Pooja Vishal,https://www.youtube.com/watch?v=QK-d3A9G5Ic
Pournami,https://www.youtube.com/watch?v=5GtwEQgZhUU
Power,https://www.youtube.com/watch?v=EmQolTZtOME
Prasanna Vadanam,https://www.youtube.com/watch?v=i7V5x-YFpPU&pp=ygUSdGVsdWd1IGZ1bGwgbW92aWVz
Prasthanam,https://www.youtube.com/watch?v=ZnFfwVhCQX8&pp=ygUcUHJhc3RoYW5hbSB0ZWx1Z3UgZnVsbCBtb3ZpZQ%3D%3D
Prathinidhi,https://www.youtube.com/watch?v=06S0tyedlas
Premabhishekam,https://www.youtube.com/watch?v=oc-Mi018GKI&pp=ygUbUHJlbW5hZ2FyIHRlbHVndSBmdWxsIG1vdmll
Premam,https://www.youtube.com/watch?v=BfSEzpurGNE&pp=ygUYUHJlbWFtIHRlbHVndSBmdWxsIG1vdmll
Premante Idera,https://www.youtube.com/watch?v=cRibg6sNN_g&t=80s
Prematho ra,https://www.youtube.com/watch?v=Ll39RH921xw
Premikula Roju,https://www.youtube.com/watch?v=K9qw1-HNAuM&pp=ygUgUHJlbWlrdWxhIFJvanUgdGVsdWd1IGZ1bGwgbW92aWU%3D
Preminchukundham Raa,https://www.youtube.com/watch?v=chQ4bDpuks0&pp=ygUcTWFsbGlzd2FyaSB0ZWx1Z3UgZnVsbCBtb3ZpZQ%3D%3D
Premisthe,https://www.youtube.com/watch?v=vJi1h8Y6L0Y
Premnagar,https://www.youtube.com/watch?v=MxW_2ma0gXI&pp=ygUbUHJlbW5hZ2FyIHRlbHVndSBmdWxsIG1vdmll
Prince,https://www.youtube.com/watch?v=wEq5aa5P9NQ
Priyamina Neeku,https://www.youtube.com/watch?v=6KilCr0VYgo&pp=ygUhUHJpeWFtaW5hIE5lZWt1IHRlbHVndSBmdWxsIG1vdmll
Project Z,https://www.youtube.com/watch?v=PjbffluT9bg&pp=ygUSdGVsdWd1IGZ1bGwgbW92aWVz
Pushpaka Vimanam,https://www.youtube.com/watch?v=xIQ-wtbxDfQ
Race Gurram,https://www.youtube.com/watch?v=oVsA6B1cweo&t=2s
Racha,https://www.youtube.com/watch?v=SJNvvxx0SmA&pp=ygUbUmFjaGEgT2xkIHRlbHVndSBmdWxsIG1vdmll0gcJCcUKAYcqIYzv
Radha Gopalam,https://www.youtube.com/watch?v=lKxaBoffF2Q&t=2s
Raghavendra,https://www.youtube.com/watch?v=h6Sr7YBiglQ&pp=ygUhUmFnaGF2ZW5kcmEgT2xkIHRlbHVndSBmdWxsIG1vdmll
Raghuvaran Btech,https://www.youtube.com/watch?v=t197BhimicA&t=4093s&pp=ygUiUmFnaHV2YXJhbiBCdGVjaCB0ZWx1Z3UgZnVsbCBtb3ZpZdIHCQnFCgGHKiGM7w%3D%3D
Raja,https://www.youtube.com/watch?v=OhzRnSR-VMo
Raja Raja Chora,https://www.youtube.com/watch?v=Lw1snQhtloQ
Raja Rani,https://www.youtube.com/watch?v=sRHeAPSwmYk
Rajendrudu Gajendrudu,https://www.youtube.com/watch?v=0B23TbEEuJ0&pp=ygUWQWFydSB0ZWx1Z3UgZnVsbCBtb3ZpZdIHCQnFCgGHKiGM7w%3D%3D
Raju Bhai,https://www.youtube.com/watch?v=PFlAtRMQDNs&pp=ygUbUmFqdSBCaGFpIHRlbHVndSBmdWxsIG1vdmll
Raju Gari Gadhi 2,https://www.youtube.com/watch?v=pB0iB6GKEXg&pp=ygUaWWFtdWR1IDIgdGVsdWd1IGZ1bGwgbW92aWXSBwkJxQoBhyohjO8%3D
Rakhi,https://www.youtube.com/watch?v=pcPuwddoDNg
Rakshakudu,https://www.youtube.com/watch?v=xEve_at0lNA&pp=ygUcUmFrc2hha3VkdSB0ZWx1Z3UgZnVsbCBtb3ZpZQ%3D%3D
Rakshashudu Surya,https://www.youtube.com/watch?v=8eCOaTQ-Bs4&list=PLmgJIGff4_cxgPmxOBKfzz-f3WEHh37uz
Raktha Charithra,https://www.youtube.com/watch?v=goVjjCIppgA&t=1433s
Raktha Charithra 2,https://www.youtube.com/watch?v=5-p6W3gxqB0
Raktha Kanneeru,https://www.youtube.com/watch?v=QDTa7Drpzm4&pp=ygUpRGFhbmEgVmVlcmEgU29vcmEgS2FybmEgdGVsdWd1IGZ1bGwgbW92aWXSBwkJxQoBhyohjO8%3D
Rama banam,https://www.youtube.com/watch?v=jqAyCXOnhR0
Rama Rama Krishna Krishna,https://www.youtube.com/watch?v=mPFjZoofR-I&pp=ygUSdGVsdWd1IGZ1bGwgbW92aWVz
Ramayya Vastavayya,https://www.youtube.com/watch?v=1f6epKEvklY
Rang dhe,https://www.youtube.com/watch?v=dCKO1bp0mxs
Rangabali,https://www.youtube.com/watch?v=5uL77Xuc98w
Rangam,https://www.youtube.com/watch?v=liLYl4GOQwI&pp=ygUYUmFuZ2FtIHRlbHVndSBmdWxsIG1vdmll
Raraju,https://www.youtube.com/watch?v=WMfRjeoqFsY
Rarandoi Veduka Chudham,https://www.youtube.com/watch?v=BslcqqAOmRQ&pp=ygUkVmVua2F0YWRyaSBFeHByZXNzIHRlbHVndSBmdWxsIG1vdmll
Rayalaseema Ramanna Choudhary,https://www.youtube.com/watch?v=O3foyMLzb6c&pp=ygUvUmF5YWxhc2VlbWEgUmFtYW5uYSBDaG91ZGhhcnkgdGVsdWd1IGZ1bGwgbW92aWU%3D
Ready,https://www.youtube.com/watch?v=KSNRxNv7omM&t=6s&pp=ygUWYWF0YSB0ZWx1Z3UgZnVsbCBtb3ZpZQ%3D%3D
Rebel,https://www.youtube.com/watch?v=nf1OpDXnrCc
Red,https://www.youtube.com/watch?v=v_wfppZp0PI&t=2239s&pp=ygUVUmVkIHRlbHVndSBmdWxsIG1vdmll
Remo,https://www.youtube.com/watch?v=zbAtbvedd-A
Republic,https://www.youtube.com/watch?v=r6-c4L6onCM
Robinhood,https://www.youtube.com/watch?v=STMfwYPN2sY
Robo,https://www.youtube.com/watch?v=EEhrc_gokh0
Robo 2,https://www.youtube.com/watch?v=lxEyG7rebv0&pp=ygUYUm9ibyAyIHRlbHVndSBmdWxsIG1vdmll
Roja,https://www.youtube.com/watch?v=JMLjKInn0Yo
Rudramadevi,https://www.youtube.com/watch?v=csckcKwfgGc&pp=ygUdUnVkcmFtYWRldmkgdGVsdWd1IGZ1bGwgbW92aWU%3D
Sagara Sangamam,https://www.youtube.com/watch?v=dujcdHozRjY
Sahasam,https://www.youtube.com/watch?v=EwNrgnNI0rw
Saindhav,https://www.youtube.com/watch?v=FRCIvHBY2gI
Sainikudu,https://www.youtube.com/watch?v=uMz7HeehzCw&pp=ygUWQW5qaSB0ZWx1Z3UgZnVsbCBtb3ZpZQ%3D%3D
Sakhi,https://www.youtube.com/watch?v=pM489IjTJ8c
Sakshyam,https://www.youtube.com/watch?v=RpjWCuHgZic&pp=ygUaU2Frc2h5YW0gdGVsdWd1IGZ1bGwgbW92aWU%3D
Samajavaragamana,https://www.youtube.com/watch?v=MTjjOdnWF5Y
Samara Simha Reddy,https://www.youtube.com/watch?v=suvOCRSTvHM&pp=ygUkU2FtYXJhIFNpbWhhIFJlZGR5IHRlbHVndSBmdWxsIG1vdmll
Samba,https://www.youtube.com/watch?v=F6YXLyZR17s&t=1935s
Sammohanam,https://www.youtube.com/watch?v=AwWMXLqryhE&pp=ygUcU2FtbW9oYW5hbSB0ZWx1Z3UgZnVsbCBtb3ZpZdIHCQnFCgGHKiGM7w%3D%3D
Sankranthi,https://www.youtube.com/watch?v=jOELfVeHExc
Santhosham,https://www.youtube.com/watch?v=IeMjHg0fAq4
Sarada Bullodu,https://www.youtube.com/watch?v=zxuunHjAbU4&pp=ygUjbGFrc2htaSB2ZW5rYXRlc2ggdGVsdWd1IGZ1bGwgbW92aWU%3D
Saradaga Kasepu,https://www.youtube.com/watch?v=F0UePmtAvKc&pp=ygURQWxsYXJpIGZ1bGwgbW92aWU%3D
Sardaar,https://www.youtube.com/watch?v=-5gH0hQFokA&t=4347s
Sardaar Gabbar Singh,https://www.youtube.com/watch?v=zome0ret9zA&t=44s
Sarkar Vijay,https://www.youtube.com/watch?v=E5kBQTmkdHs
Sarkaru Vari Paata,https://www.youtube.com/watch?v=hQdTSn2_J7E&pp=ygUSdGVsdWd1IGZ1bGwgbW92aWVz
Sarpatta Pramparai,https://www.youtube.com/watch?v=H1oWw_3s5mc
Sarrainodu,https://www.youtube.com/watch?v=0b8OvRCrLms&t=5039s&pp=ygUcU2FycmFpbm9kdSB0ZWx1Z3UgZnVsbCBtb3ZpZQ%3D%3D
Seema Simham,https://www.youtube.com/watch?v=FRyzKNCTIGg
Seema Tapakai,https://www.youtube.com/watch?v=aZyJKEYuQIE&t=2560s
Seenu (Venkatesh),https://www.youtube.com/watch?v=nvUEyvd9iKM
Seenu Vasanthi Lakshmi,https://www.youtube.com/watch?v=ujw1y_QnNNA
Seetha,https://www.youtube.com/watch?v=vVF56EVtR3E&pp=ygUYU2VldGhhIHRlbHVndSBmdWxsIG1vdmll0gcJCcUKAYcqIYzv
Seetha Rama Raju,https://www.youtube.com/watch?v=UQb9xwGKgHY&pp=ygUVRG9uIHRlbHVndSBmdWxsIG1vdmll
Seethamma Vakitlo Sirimalle Chettu,https://www.youtube.com/watch?v=x6ukeIIDwvA
Seetimaar,https://www.youtube.com/watch?v=OTLHZC5anf0
Shadow,https://www.youtube.com/watch?v=edKS29Vk7Jk&pp=ygUncmF2aSB0ZWphIG5heWFuYXRoYXJhIHRlbHVndSBmdWxsIG1vdmll
Shailaja Reddy Alludu,https://www.youtube.com/watch?v=woo8H3Ae0cw
Shakthi,https://www.youtube.com/watch?v=GuMMzdHW-CU&pp=ygUZU2hha3RoaSB0ZWx1Z3UgZnVsbCBtb3ZpZQ%3D%3D
Shankar Dada Mbbs,https://www.youtube.com/watch?v=5hjw9C2Ja-w&t=3646s
Shankar Dada Zindabaad,https://www.youtube.com/watch?v=dxarHDqoBEY&pp=ygUpU2hhbmthciBEYWRhIFppbmRhYmFhZCAgdGVsdWd1IGZ1bGwgbW92aWU%3D
Shathamanam Bhavathi,https://www.youtube.com/watch?v=wl7FV1LHcU4&t=6170s
Shivaji,https://www.youtube.com/watch?v=IAh1chxtwEs
Shivamani,https://www.youtube.com/watch?v=kx35_Cgt3eg&t=2777s
Shock,https://www.youtube.com/watch?v=ITML7e10r8o
Shyam Singha Roy,https://www.youtube.com/watch?v=xhQgD0pEcBE
Simha,https://www.youtube.com/watch?v=g8iCWLS0YqI
Simhadri,https://www.youtube.com/watch?v=v4XwU2TJ4Bo&list=PLmgJIGff4_cywuTso-LzkEpF3UdFgZaL2&index=5
Simharasi,https://www.youtube.com/watch?v=TENrVFGcnrI
Singham 123,https://www.youtube.com/watch?v=yjNkoaRBNyk&pp=ygUfS29iYmFyaSBNYXR0YSB0ZWx1Z3UgZnVsbCBtb3ZpZQ%3D%3D
Sir Dhanush,https://www.youtube.com/watch?v=RZv4qqZpQG0
Siva Rama Raju,https://www.youtube.com/watch?v=ASYCtJTX0I8
Sivayya,https://www.youtube.com/watch?v=3hE2LN05MfU&pp=ygUaU2l2YXl5YSAgdGVsdWd1IGZ1bGwgbW92aWU%3D
Skanda,https://www.youtube.com/watch?v=TQz-xYseOMY
SMS,https://www.youtube.com/watch?v=xB3PPC3UnQI&pp=ygUWU01TICB0ZWx1Z3UgZnVsbCBtb3ZpZQ%3D%3D
Sneham Kosam,https://www.youtube.com/watch?v=h1DtmN_2p48
Snehamante Idhera,https://www.youtube.com/watch?v=MV-7Xa38-SI
Snehithudu Vijay,https://www.youtube.com/watch?v=zVm9IFaAJlo
SO Satyamaurthy,https://www.youtube.com/watch?v=nglaj8kH5tA
Soggade Chinni Nayana,https://www.youtube.com/watch?v=sPqSYfqSi18&pp=ygUoU29nZ2FkZSBDaGlubmkgTmF5YW5hICB0ZWx1Z3UgZnVsbCBtb3ZpZQ%3D%3D
Soggadu,https://www.youtube.com/watch?v=94i5cVcxTIs&pp=ygUaU29nZ2FkdSAgdGVsdWd1IGZ1bGwgbW92aWU%3D
Solo,https://www.youtube.com/watch?v=F40juk1lX5E
Solo Bathuke So Better,https://www.youtube.com/watch?v=dmLK09GX_t0
Somberi,https://www.youtube.com/watch?v=IDKLDMZed0Q
Sr Kalyana Mandapam,https://www.youtube.com/watch?v=MkN0KGFiQrI&pp=ygUmU3IgS2FseWFuYSBNYW5kYXBhbSAgdGVsdWd1IGZ1bGwgbW92aWU%3D
Sri Anjaneyam,https://www.youtube.com/watch?v=k--e6xCBZHY&t=173s
Sri Manjunatha,https://www.youtube.com/watch?v=YavoalmqQl4&pp=ygUgU3JpIE1hbmp1bmF0aGEgdGVsdWd1IGZ1bGwgbW92aWU%3D
Sri Ram,https://www.youtube.com/watch?v=t09X9zTPTZE&pp=ygUaU3JpIFJhbSAgdGVsdWd1IGZ1bGwgbW92aWU%3D
Sri Rama Chandrulu,https://www.youtube.com/watch?v=xO32H-DY2Bg&pp=ygUlU3JpIFJhbWEgQ2hhbmRydWx1ICB0ZWx1Z3UgZnVsbCBtb3ZpZQ%3D%3D
Sri Ramadasu,https://www.youtube.com/watch?v=PV5uztZShiY
Sridevi Soda Center,https://www.youtube.com/watch?v=cZQDcPTSS94
Srimannarayan,https://www.youtube.com/watch?v=k-uUmAj2pX8
Srirama Chandrulu,https://www.youtube.com/watch?v=LeGr6fQXvzQ
Stalin,https://www.youtube.com/watch?v=rleei8BIEpE
Style,https://www.youtube.com/watch?v=KwYz5t3oG_M&pp=ygUWYWF0YSB0ZWx1Z3UgZnVsbCBtb3ZpZdIHCQnFCgGHKiGM7w%3D%3D
Subbu,https://www.youtube.com/watch?v=FgzgNT5kGU0
Subhalagnam,https://www.youtube.com/watch?v=oJzghzxjVfU&pp=ygUXS3VzaGkgdGVsdWd1IGZ1bGwgbW92aWU%3D
Subramanyam For Sale,https://www.youtube.com/watch?v=1p7NmlTW5qo&t=2755s
Sudigadu,https://www.youtube.com/watch?v=519bl3Sv-fk&pp=ygURQWxsYXJpIGZ1bGwgbW92aWU%3D
Sukumarudu,https://www.youtube.com/watch?v=G8GeXXYL2s4&pp=ygUSdGVsdWd1IGZ1bGwgbW92aWVz
Super,https://www.youtube.com/watch?v=wtwydifIAdQ&pp=ygUeQWxsdWR1IHNlZW51IHRlbHVndSBmdWxsIG1vdmll0gcJCcUKAYcqIYzv
Super Heroes,https://www.youtube.com/watch?v=Emvp5zGjcEU&pp=ygUeQnJhbWhhbmFuZGFtIHRlbHVndSBmdWxsIG1vdmll
Supreme,https://www.youtube.com/watch?v=eoEy0vIKcwI&pp=ygUZU3VwcmVtZSB0ZWx1Z3UgZnVsbCBtb3ZpZdIHCQnFCgGHKiGM7w%3D%3D
Suriya Gang,https://www.youtube.com/watch?v=0ZuTZB49-Io
Surya Son Of Krishnan,https://www.youtube.com/watch?v=RcPujLDQjjM&pp=ygUoU3VyeWEgU29uIE9mIEtyaXNobmFuICB0ZWx1Z3UgZnVsbCBtb3ZpZQ%3D%3D
Surya vs surya,https://www.youtube.com/watch?v=bTh3YzLExro&pp=ygUWQm95cyB0ZWx1Z3UgZnVsbCBtb3ZpZQ%3D%3D
Suryavamsam,https://www.youtube.com/watch?v=IqvbBIy6zKs
Suswagatham,https://www.youtube.com/watch?v=rOiJvev-2LU
Swami Ra Ra,https://www.youtube.com/watch?v=uMRWxbC1UZo&t=2185s
Swathi Mutyam,https://www.youtube.com/watch?v=UjeTHpGGye0
Swayamkrushi,https://www.youtube.com/watch?v=OXPfEVwxXe0
Swayamvaram,https://www.youtube.com/watch?v=EedeZUjPBjc&pp=ygUjUGVsbGFtdGhvIFBhbmVudGkgdGVsdWd1IGZ1bGwgbW92aWU%3D
Sye,https://www.youtube.com/watch?v=FAs0k7FjjX8&t=1243s&pp=ygUSdGVsdWd1IGZ1bGwgbW92aWVz
Sye Raa Narasimha Reddy,https://www.youtube.com/watch?v=8Nyq0fp3KkM
Tagore,https://www.youtube.com/watch?v=dXnzAtFwywg&t=2788s&pp=ygUSdGVsdWd1IGZ1bGwgbW92aWVz0gcJCcUKAYcqIYzv
Takkari,https://www.youtube.com/watch?v=hKrBThGWNKs&pp=ygUSVGFra2FyaSBmdWxsIG1vdmll
Takkari Donga,https://www.youtube.com/watch?v=arWp1WfwqFs&list=PLmgJIGff4_czLT6iBd4DMrInivGk1_qgS
Tata Birla Madhyalo Laila,https://www.youtube.com/watch?v=HFEsM_uk1Ik&pp=ygUrVGF0YSBCaXJsYSBNYWRoeWFsbyBMYWlsYSB0ZWx1Z3UgZnVsbCBtb3ZpZQ%3D%3D
Taxiwaala,https://www.youtube.com/watch?v=MJ8X3Rg_SnU
Teenmaar,https://www.youtube.com/watch?v=X2RbnS--yhU&pp=ygUbVGVlbm1hYXIgIHRlbHVndSBmdWxsIG1vdmll
Tej I Love You,https://www.youtube.com/watch?v=JYayPhxtavM&pp=ygUhVGVqIEkgTG92ZSBZb3UgIHRlbHVndSBmdWxsIG1vdmll
Thadakha,https://www.youtube.com/watch?v=FRjtf-U2y-E
Thammudu PK,https://www.youtube.com/watch?v=gr7TttotBD8&t=2s&pp=ygUeVGhhbW11ZHUgUEsgIHRlbHVndSBmdWxsIG1vdmll
The Legend Saravanan,https://www.youtube.com/watch?v=0usbDQU0Ves&pp=ygUmVGhlIExlZ2VuZCBTYXJhdmFuYW4gdGVsdWd1IGZ1bGwgbW92aWU%3D
The Warrior,https://www.youtube.com/watch?v=n_ucGWzNWtY
Thellavarithe Guruvaram,https://www.youtube.com/watch?v=PK_Y9LR2UTs&pp=ygUpVGhlbGxhdmFyaXRoZSBHdXJ1dmFyYW0gdGVsdWd1IGZ1bGwgbW92aWU%3D
Thenali,https://www.youtube.com/watch?v=Ar7z7shMD48
They Call Him OG,https://www.youtube.com/watch?v=K5yyGmi0OSY&pp=ygUSdGVsdWd1IGZ1bGwgbW92aWVz
Thiru,https://www.youtube.com/watch?v=V-9jbsAk_yI&pp=ygUXVGhpcnUgdGVsdWd1IGZ1bGwgbW92aWU%3D
Tholi Prema PK,https://www.youtube.com/watch?v=KWM8qg2kdDU
Tholi Prema Varun Tej,https://www.youtube.com/watch?v=oSevpy-XhoE
Thoofan,https://www.youtube.com/watch?v=23TpjowS9JE&pp=ygUZVGhvb2ZhbiB0ZWx1Z3UgZnVsbCBtb3ZpZQ%3D%3D
Thulasi,https://www.youtube.com/watch?v=2OlgjlfnoCA&pp=ygUcTWFsbGlzd2FyaSB0ZWx1Z3UgZnVsbCBtb3ZpZQ%3D%3D
Thuppakki,https://www.youtube.com/watch?v=R1vEkxA1gJ0&t=4076s&pp=ygUbVGh1cHBha2tpIHRlbHVndSBmdWxsIG1vdmll
Tiger Harishchandra Prasad,https://www.youtube.com/watch?v=Xov277lvtSE&t=44s
Tirumala Tirupathi Venkatesa,https://www.youtube.com/watch?v=S0iHhg-AhVA
Touch Chesi Chudu,https://www.youtube.com/watch?v=UgukXVGU2jY&pp=ygUjVG91Y2ggQ2hlc2kgQ2h1ZHUgdGVsdWd1IGZ1bGwgbW92aWU%3D
Twnety Four,https://www.youtube.com/watch?v=b6DA3ZnRbYU
U Turn,https://www.youtube.com/watch?v=hVxb5uHHXW8
Ullasanga Uthsahanga,https://www.youtube.com/watch?v=hn_UZBRIshA&pp=ygUmVWxsYXNhbmdhIFV0aHNhaGFuZ2EgdGVsdWd1IGZ1bGwgbW92aWU%3D
Uma Maheswara Ugra Roopasya,https://www.youtube.com/watch?v=BhduNoEyrGs&pp=ygUtVW1hIE1haGVzd2FyYSBVZ3JhIFJvb3Bhc3lhIHRlbHVndSBmdWxsIG1vdmll
Upendra,https://www.youtube.com/watch?v=wVXusTakp9o&t=1632s
Uppena,https://www.youtube.com/watch?v=n7SdGxJKbAM
Uu Kodathara Ulikki Padathara,https://www.youtube.com/watch?v=Y6CdV47M5dw
Uyyala Jampala,https://www.youtube.com/watch?v=AzSVRKCcHBY
V,https://www.youtube.com/watch?v=R-EMrpn9Fg0
Vallabha,https://www.youtube.com/watch?v=vi36Y5yvKZg
Varasudu Vijay,https://www.youtube.com/watch?v=vMeeJ3Xqi_g&pp=ygUSdGVsdWd1IGZ1bGwgbW92aWVz
Varsham,https://www.youtube.com/watch?v=f8wRhgAIiMc&pp=ygUZdmFyc2hhbSB0ZWx1Z3UgZnVsbCBtb3ZpZQ%3D%3D
Varudu,https://www.youtube.com/watch?v=T2HjVzrLvZs
Varudu Kavalenu,https://www.youtube.com/watch?v=eEjGQXOIjqw&t=2579s
Varun Doctor,https://www.youtube.com/watch?v=qMeUSzc5C80&pp=ygUeVmFydW4gRG9jdG9yIHRlbHVndSBmdWxsIG1vdmll
Vasantham,https://www.youtube.com/watch?v=9CeqGk2hVFU&pp=ygUZdmFyc2hhbSB0ZWx1Z3UgZnVsbCBtb3ZpZQ%3D%3D
Vasthadu Na Raju,https://www.youtube.com/watch?v=M8u-P1bBcsM&pp=ygUiVmFzdGhhZHUgTmEgUmFqdSB0ZWx1Z3UgZnVsbCBtb3ZpZQ%3D%3D
Vasu,https://www.youtube.com/watch?v=LqtrP2B0NKU
Vedam,https://www.youtube.com/watch?v=95EUNEFvgbs
Veede,https://www.youtube.com/watch?v=sMRSZ62pnNg&pp=ygUXVmVlZGUgdGVsdWd1IGZ1bGwgbW92aWU%3D
Veedokkade,https://www.youtube.com/watch?v=pmnVk-3Qis4
Veera,https://www.youtube.com/watch?v=jB9tkEV9-9c&pp=ygUXVmVlZGUgdGVsdWd1IGZ1bGwgbW92aWU%3D
Vennela,https://www.youtube.com/watch?v=SrYEA_GjM5g
Victory,https://www.youtube.com/watch?v=z2TMM1KF_gY&pp=ygUSVGFra2FyaSBmdWxsIG1vdmll
Vijayendra Varma,https://www.youtube.com/watch?v=ouanhZmkNq8&list=PLmgJIGff4_cywuTso-LzkEpF3UdFgZaL2&index=26
Vijetha,https://www.youtube.com/watch?v=8JBQotyXInk&pp=ygUZVmlqZXRoYSB0ZWx1Z3UgZnVsbCBtb3ZpZQ%3D%3D
Vikram Kamal Hassan,https://www.youtube.com/watch?v=XQ_otiHg0p0
Vikramarkudu,https://www.youtube.com/watch?v=mpBWtSDQwqc&t=3317s&pp=ygUeVmlrcmFtYXJrdWR1IHRlbHVndSBmdWxsIG1vdmll
Villain,https://www.youtube.com/watch?v=W-GRi2DhB_0&pp=ygUZVmlsbGFpbiB0ZWx1Z3UgZnVsbCBtb3ZpZQ%3D%3D
Vinaro Bhagyamu Vishnu Katha,https://www.youtube.com/watch?v=2my1KwuOb9I
Vinaya Vidheya Rama,https://www.youtube.com/watch?v=xtbgq4WEfjg&t=3107s
Vivekam,https://www.youtube.com/watch?v=fyYlbOzBwDw&pp=ygUZVml2ZWthbSB0ZWx1Z3UgZnVsbCBtb3ZpZQ%3D%3D
Vunnadi Okate Zindagi,https://www.youtube.com/watch?v=zNOvt_KenDA
Whistle,https://www.youtube.com/watch?v=GbN1AgRjNv0
Winner,https://www.youtube.com/watch?v=DKA1o6-dM4s
World Famous Lover,https://www.youtube.com/watch?v=UHJ4B6i_laY&t=2812s&pp=ygUkV29ybGQgRmFtb3VzIExvdmVyIHRlbHVndSBmdWxsIG1vdmll
Writer Padmabhushan,https://www.youtube.com/watch?v=wI2kmeXoHAM
Yagnam,https://www.youtube.com/watch?v=tU8HNifchME
Yamadonga,https://www.youtube.com/watch?v=vacL8i-A4tk
Yamagola,https://www.youtube.com/watch?v=5kB8w7CH8ho&pp=ygUaWWFtYWdvbGEgdGVsdWd1IGZ1bGwgbW92aWU%3D
Yamagola Malli Modhalindhi,https://www.youtube.com/watch?v=UNfXGgLurPA&pp=ygUgTWF5YWJhemFhciBuZXcgdGVsdWd1IGZ1bGwgbW92aWU%3D
Yamudiki Mogudu,https://www.youtube.com/watch?v=0I26IxQ0QEs&pp=ygUYZ2FteWFtIHRlbHVndSBmdWxsIG1vdmll
Yamudu,https://www.youtube.com/watch?v=b_ho4fN9RWg
Yamudu 2,https://www.youtube.com/watch?v=EY3Va4AXECU&pp=ygUaWWFtdWR1IDIgdGVsdWd1IGZ1bGwgbW92aWU%3D
Yamudu 3,https://www.youtube.com/watch?v=3eg9pPk-Umk&pp=ygUaWWFtdWR1IDIgdGVsdWd1IGZ1bGwgbW92aWXSBwkJxQoBhyohjO8%3D
Yatra 2,https://www.youtube.com/watch?v=nLge9NddGlk&t=1536s&pp=ygUXWWF0cmEgdGVsdWd1IGZ1bGwgbW92aWU%3D
Ye Maye Chesave,https://www.youtube.com/watch?v=YrmULmZNzDo
Yeto Vellipoindhi Manasu,https://www.youtube.com/watch?v=CqnsRSSYwMc&pp=ygUiQW50ZSBTdW5kYXJhbmlraSB0ZWx1Z3UgZnVsbCBtb3ZpZQ%3D%3D
Yevadu,https://www.youtube.com/watch?v=EeFy7TXVW-c
Yogi,https://www.youtube.com/watch?v=maT6WQG22WI&t=3421s&pp=ygUZdmFyc2hhbSB0ZWx1Z3UgZnVsbCBtb3ZpZQ%3D%3D
Yuganiki Okkadu,https://www.youtube.com/watch?v=vYPj07ZIG3I
Yuva,https://www.youtube.com/watch?v=mg2f27nV1Rc&pp=ygUWWXV2YSB0ZWx1Z3UgZnVsbCBtb3ZpZQ%3D%3D
Yuva Raju,https://www.youtube.com/watch?v=SMjdOGJgeDA&t=2263s
Yuvatha,https://www.youtube.com/watch?v=raa5Nqx_MMM
Zombie Reddy,https://www.youtube.com/watch?v=LpEyhWIfDns&pp=ygUeWm9tYmllIFJlZGR5IHRlbHVndSBmdWxsIG1vdmll