index,start_time,end_time,speaker,original_telugu,transliteration
1,"00:00:20,160","00:00:20,510",speaker_0,నారాయణ!,naaraayana!
2,"00:00:21,039","00:00:21,390",speaker_0,నారాయణ!,naaraayana!
3,"00:00:24,789","00:00:25,839",speaker_0,నారాయణ! నారాయణ!,naaraayana! naaraayana!
4,"00:00:27,429","00:00:28,539",speaker_0,నమస్తే జగజ్జనని,namasthe jagajjanani
5,"00:00:28,620","00:00:28,970",speaker_0,సరస్వతీ,sarasvathee
6,"00:00:29,219","00:00:29,510",speaker_0,మాతా!,maathaa!
7,"00:00:30,120","00:00:30,470",speaker_0,నమోస్తుతే.,namosthuthe.
8,"00:00:31,539","00:00:31,890",speaker_1,నారదా!,naaradhaa!
9,"00:00:33,159","00:00:33,929",speaker_1,ఏమిటీ కలవరం?,emit kalavaram?
10,"00:00:34,859","00:00:35,390",speaker_1,ఏం జరిగింది?,yem jarigindhi?
11,"00:00:35,880","00:00:36,179",speaker_0,మాతా!,maathaa!
12,"00:00:37,129","00:00:38,090",speaker_0,భూలోకంలో competition,bhoolokamlo competition
13,"00:00:38,140","00:00:38,850",speaker_0,బాగా పెరిగి,baagaa perigi
14,"00:00:39,219","00:00:40,009",speaker_0,IIT సాధించలేక,IIT saadhinchaleka
15,"00:00:41,000","00:00:41,649",speaker_0,ఇంటర్ విద్యార్థుల్లో,inter vidhyaarthullo
16,"00:00:42,020","00:00:42,370",speaker_0,అయోమయం,ayomayam
17,"00:00:42,520","00:00:42,870",speaker_0,మొదలైంది.,modhalaindhi.
18,"00:00:44,140","00:00:46,350",speaker_0,నీవే కదా తల్లి వాళ్లకు దారి చూపించేది.,neeve kadhaa tally vaallaku dhaari choopinchedhi.
19,"00:00:47,460","00:00:48,710",speaker_1,ఎందుకు నారదా ఆ కంగారు?,yendhuku naaradhaa aa kangaroo?
20,"00:00:49,640","00:00:50,730",speaker_1,All India Rank కొట్టాలంటే,All India Rank kottaalante
21,"00:00:51,100","00:00:51,450",speaker_1,ఒక్కటే,okkate
22,"00:00:51,600","00:00:51,979",speaker_1,మార్గం.,maargam.
23,"00:00:53,159","00:00:54,939",speaker_1,All India Rankers లో join అవ్వడం.,All India Rankers lo join avvadam.
24,"00:00:56,729","00:00:57,660",speaker_0,నారాయణ! నారాయణ!,naaraayana! naaraayana!
25,"00:00:57,710","00:00:58,060",speaker_2,2012,2012
26,"00:00:58,359","00:00:59,670",speaker_2,సంవత్సరం IIT ఫలితాల్లో,samvathsaram IIT phalithaallo
27,"00:01:00,000","00:01:00,350",speaker_2,విజయవాడ,vijayavaada
28,"00:01:00,719","00:01:01,609",speaker_2,All India Rankers,All India Rankers
29,"00:01:01,840","00:01:02,190",speaker_2,ప్రపంచం,prapancham
30,"00:01:08,159","00:01:08,509",speaker_3,నచ్చిందన్నయ్యా?,nachhindhannayyaa?
31,"00:01:09,540","00:01:09,780",speaker_4,ఉమ్,um
32,"00:01:11,099","00:01:12,890",speaker_3,దీంతో కలిపి మొత్తం పద్దెనిమిది యాడ్లు అయినట్టన్నయ్యా.,dheentho kalipi moththam padhdhenimidhi yaadlu ayinattannayyaa.
33,"00:01:13,680","00:01:15,709",speaker_3,ఎల్లుండి నుంచి మొత్తం అన్ని TV channels లో వచ్చేస్తాయి.,yellundi nunchi moththam anni TV channels lo vachhesthaayi.
34,"00:01:16,299","00:01:16,510",speaker_4,ఉమ్,um
35,"00:01:17,200","00:01:19,939",speaker_3,అన్ని colleges లాగానే మనం కూడా ఏదైనా celebrity యాడ్ చేస్తే better,anni colleges laagaane manam koodaa yedhainaa celebrity yaad chesthe better
36,"00:01:19,989","00:01:20,290",speaker_3,ఏమో కదా?,yemo kadhaa?
37,"00:01:20,340","00:01:20,689",speaker_4,ఉమ్,um
38,"00:01:22,019","00:01:22,369",speaker_4,సరస్వతీదేవి,sarasvatheedhevi
39,"00:01:22,659","00:01:24,280",speaker_4,కంటే పెద్ద celebrity ఎవరుంటారు స్వామి?,kante pedhdha celebrity yevaruntaaru swam?
40,"00:01:24,980","00:01:25,540",speaker_3,Correct అన్నయ్యా,Correct annayyaa
41,"00:01:25,859","00:01:26,819",speaker_4,PR వాళ్ళందరూ వచ్చారా?,PR vaallandharoo vachhaaraa?
42,"00:01:27,599","00:01:27,949",speaker_3,వచ్చారన్నయ్యా,vachhaarannayyaa
43,"00:01:28,819","00:01:29,169",speaker_4,రమ్మనండి,rammanandi
44,"00:01:42,640","00:01:42,989",speaker_4,"మిత్రులకి,","mithrulaki,"
45,"00:01:43,760","00:01:44,109",speaker_4,"శ్రేయోభిలాషులకి,","shreyobhilaashulaki,"
46,"00:01:45,379","00:01:45,729",speaker_4,వినియోగదారులకి,viniyogadhaarulaki
47,"00:01:47,299","00:01:48,649",speaker_4,All India Rankers వారి,All India Rankers vaari
48,"00:01:49,560","00:01:50,769",speaker_4,నూతన సంవత్సర శుభాకాంక్షలు.,noothana samvathsara shubhaakaankshalu.
49,"00:01:58,459","00:01:59,809",speaker_4,ఏంట్రా ఇప్పుడు చెప్తున్నాడు అనుకుంటున్నారా?,yentraa ippudu chepthunnaadu anukuntunnaaraa?
50,"00:02:02,469","00:02:03,000",speaker_4,తెల్లోడి New,thellodi New
51,"00:02:03,099","00:02:03,280",speaker_4,Year,Year
52,"00:02:03,819","00:02:05,349",speaker_4,తెలుగోడి ఉగాది కాదిది.,thelugodi ugaadhi kaadhidhi.
53,"00:02:07,420","00:02:09,210",speaker_4,ఇప్పుడే మనకు నూతన సంవత్సరం మొదలైంది.,ippude manaku noothana samvathsaram modhalaindhi.
54,"00:02:10,400","00:02:11,989",speaker_4,Happy Academic New Year!,Happy Academic New Year!
55,"00:02:14,450","00:02:15,030",speaker_4,సాయంత్రం నాలుగు,saayanthram naalugu
56,"00:02:15,120","00:02:15,469",speaker_4,గంటలకి,gantalaki
57,"00:02:16,460","00:02:17,689",speaker_4,tenth class results రాబోతున్నాయి.,tenth class results raabothunnaayi.
58,"00:02:18,580","00:02:18,930",speaker_4,నాలుగున్నరకి,naalugunnaraki
59,"00:02:20,080","00:02:21,629",speaker_4,సగం మంది పిల్లలు sweets తింటే,sagam mandhi pillalu sweets thinte
60,"00:02:22,500","00:02:23,430",speaker_4,ఇంకో సగం మంది,inko sagam mandhi
61,"00:02:23,900","00:02:24,800",speaker_4,belt దెబ్బలు తింటారు.,belt dhebbalu thintaaru.
62,"00:02:26,580","00:02:27,810",speaker_4,"కానీ, అయితే తర్వాత","kaanee, ayithe tharvaatha"
63,"00:02:28,060","00:02:28,409",speaker_4,వాళ్ళందరి,vaallandhari
64,"00:02:28,680","00:02:29,030",speaker_4,తల్లిదండ్రులు,thallidhandrulu
65,"00:02:31,080","00:02:32,009",speaker_4,మన యాడ్స్ తప్ప,mana adds thappa
66,"00:02:33,250","00:02:34,280",speaker_4,ఇంకేమీ తినకూడదు.,inkemee thinakoodadhu.
67,"00:02:36,949","00:02:37,609",speaker_4,మనకు కావలసింది,manaku kaavalasindhi
68,"00:02:38,620","00:02:38,969",speaker_4,స్వచ్ఛమైన,svachhamaina
69,"00:02:39,900","00:02:40,250",speaker_4,తాజా,thaajaa
70,"00:02:41,180","00:02:41,530",speaker_4,గొర్రెపిల్లలు.,gorrepillalu.
71,"00:02:46,370","00:02:47,199",speaker_4,అందుకే ముందుగా,andhuke mundhugaa
72,"00:02:47,259","00:02:48,090",speaker_4,రంగంలో దిగబోతున్న,rangamlo dhigabothunna
73,"00:02:48,379","00:02:49,389",speaker_4,నా సైన్యం స్వాములందరికీ,naa sainyam svaamulandharikee
74,"00:02:50,659","00:02:51,280",speaker_4,All the Best.,All the Best.
75,"00:02:55,300","00:02:56,930",speaker_4,ఒక parent తో కూర్చుని మాట్లాడుతున్నప్పుడు,oka parent tho koorchuni maatlaaduthunnappudu
76,"00:02:57,819","00:02:58,370",speaker_4,మీరు కట్టాల్సింది,meeru kattaalsindhi
77,"00:02:58,979","00:02:59,329",speaker_4,quarters,quarters
78,"00:02:59,560","00:03:00,090",speaker_4,ఓ residential,o residential
79,"00:03:00,340","00:03:01,180",speaker_4,towers ఓ కాదు.,towers o kaadhu.
80,"00:03:02,500","00:03:03,439",speaker_4,గాలిలో మేడలు.,gaalilo medalu.
81,"00:03:04,409","00:03:05,400",speaker_4,కూలిపోతాయని భయపడకండి.,koolipothaayani bhayapadakandi.
82,"00:03:06,490","00:03:07,300",speaker_4,వెచ్చలుడిగా కట్టేయండి.,vechhaludigaa katteyandi.
83,"00:03:12,080","00:03:12,300",speaker_3,Sir!,Sir!
84,"00:03:14,020","00:03:15,960",speaker_3,మనం ఎంత చెప్పినా కొంతమంది parents,manam yentha cheppinaa konthamandhi parents
85,"00:03:16,400","00:03:17,489",speaker_3,మనం పెట్టిన fee structure,manam pettina fee structure
86,"00:03:17,879","00:03:18,819",speaker_3,afford చేయలేరు కదా sir?,afford cheyaleru kadhaa sir?
87,"00:03:19,120","00:03:19,689",speaker_4,Good question.,Good question.
88,"00:03:20,319","00:03:21,729",speaker_4,మన eligibility test pass అవ్వాలంటే,mana eligibility test pass avvaalante
89,"00:03:22,539","00:03:24,349",speaker_4,minimum ఇంట్లో sofa TV ఉండేలా చూసుకోండి.,minimum intlo sofa TV undelaa choosukondi.
90,"00:03:25,099","00:03:26,030",speaker_4,అంతేగాని మీరు వెళ్ళగానే,anthegaani meeru vellagaane
91,"00:03:26,430","00:03:27,289",speaker_4,"""రండి sir కూర్చోండి.""","""randi sir koorchondi."""
92,"00:03:27,680","00:03:28,629",speaker_4,అని చెప్పి కుర్చీ ఏసీ,ani cheppi kurchee yesee
93,"00:03:28,979","00:03:31,269",speaker_4,sticker పీకేసిన cool drink bottle లో మంచినీళ్ళు పోసిస్తే,sticker peekesina cool drink bottle lo manchineellu posisthe
94,"00:03:32,180","00:03:33,599",speaker_4,అలాంటోళ్ళ కోసం time waste చేయకండి స్వామి.,alaantolla kosam time waste cheyakandi swam.
95,"00:03:34,020","00:03:34,620",speaker_4,Cut చేసేయండి.,Cut cheseyandi.
96,"00:03:38,759","00:03:40,069",speaker_4,tenth class చదివే పిల్లాడున్న,tenth class chadhive pillaadunna
97,"00:03:40,319","00:03:41,549",speaker_4,ప్రతి parent బుర్రలో,prathi parent burralo
98,"00:03:42,599","00:03:43,210",speaker_4,మన పిల్లాడి,mana pillaadi
99,"00:03:43,360","00:03:44,210",speaker_4,భవిష్యత్ బ్రోచేవారు,bhavishyath brochevaaru
100,"00:03:44,539","00:03:44,889",speaker_4,ఎవర్రా?,yevarraa?
101,"00:03:46,080","00:03:47,060",speaker_4,అనే భయం ఉండాలి.,ane bhayam undaali.
102,"00:03:47,950","00:03:48,599",speaker_4,వాళ్ళింట్లో table,vaallintlo table
103,"00:03:48,699","00:03:49,049",speaker_4,మీద,meedha
104,"00:03:50,000","00:03:51,120",speaker_4,మన brochure ఉండాలి.,mana brochure undaali.
105,"00:03:52,000","00:03:52,549",speaker_4,ఈ భయానికి,ee bhayaaniki
106,"00:03:52,740","00:03:53,520",speaker_4,విరుగుడు మనమే,virugudu maname
107,"00:03:54,500","00:03:55,579",speaker_4,అని కళ్ళకు కట్టినట్టు,ani kallaku kattinattu
108,"00:03:55,860","00:03:57,310",speaker_4,blueray quality లో చూపించాల్సిన,blueray quality lo choopinchaalsina
109,"00:03:58,020","00:03:58,370",speaker_4,బాధ్యత,baadhyatha
110,"00:03:59,439","00:03:59,789",speaker_4,మీది.,meedhi.
111,"00:04:04,419","00:04:05,740",speaker_4,"TV లో ఏ channel పెట్టినా,","TV lo ye channel pettinaa,"
112,"00:04:06,319","00:04:06,849",speaker_4,ఏ newspaper,ye newspaper
113,"00:04:07,020","00:04:07,539",speaker_4,"లో చూసినా,","lo choosinaa,"
114,"00:04:08,039","00:04:09,039",speaker_4,"signal దగ్గర ఆగినా,","signal dhaggara aaginaa,"
115,"00:04:09,580","00:04:10,680",speaker_4,సినిమా theatre కెళ్ళినా,cinema theatre kellinaa
116,"00:04:11,139","00:04:12,500",speaker_4,ఆ ఒకటి ఒకటి ఒకటి,aa okati okati okati
117,"00:04:12,960","00:04:14,259",speaker_4,ఆ రెండు రెండు రెండు,aa rendu rendu rendu
118,"00:04:14,919","00:04:16,189",speaker_4,అని మన గురించి భజన,ani mana gurinchi bhajana
119,"00:04:17,409","00:04:18,480",speaker_4,అందరి చెవుల్లో,andhari chevullo
120,"00:04:18,540","00:04:19,310",speaker_4,మారి మోగిపోవాలి.,maari mogipovaali.
121,"00:04:23,879","00:04:25,819",speaker_4,"రోటీ, కప్డా, మకాన్.","rotee, kapdaa, makaan."
122,"00:04:26,540","00:04:27,579",speaker_4,"వాళ్ళు తినే తిండి,","vaallu thine timid,"
123,"00:04:28,060","00:04:28,899",speaker_4,"కట్టే బట్ట,","katte batta,"
124,"00:04:29,519","00:04:30,290",speaker_4,ఉండే చోటు,unde chotu
125,"00:04:30,980","00:04:31,809",speaker_4,మనదై ఉండాలి.,manadhai undaali.
126,"00:04:33,569","00:04:34,660",speaker_3,బాబోయ్! హాస్టల్లో,baaboy! haastallo
127,"00:04:34,740","00:04:35,530",speaker_3,చదివితే గాని,chadhivithe gaani
128,"00:04:36,060","00:04:36,779",speaker_3,IIT కొట్టం.,IIT kottam.
129,"00:04:37,600","00:04:38,210",speaker_4,అనే భయాన్ని,ane bhayaanni
130,"00:04:39,720","00:04:41,170",speaker_4,ఐదు వేలు advance తీసుకుని,aidhu velu advance theesukuni
131,"00:04:41,800","00:04:42,150",speaker_4,అమ్మేయండి.,ammeyandi.
132,"00:04:43,079","00:04:43,319",speaker_3,"Sir,","Sir,"
133,"00:04:44,360","00:04:44,970",speaker_3,మరి అసలు,mari asalu
134,"00:04:45,199","00:04:46,519",speaker_3,day scholars లేదంటే ఎలా sir?,day scholars ledhante yelaa sir?
135,"00:04:47,759","00:04:48,730",speaker_4,ఎన్ని కోట్లు ఖర్చుపెట్టిన,yenni kotlu kharchupettina
136,"00:04:49,019","00:04:49,670",speaker_4,college నడపాలంటే,college nadapaalante
137,"00:04:50,779","00:04:51,890",speaker_4,చదువు ఒక్కటి అమ్మితే సరిపోదు.,chadhuvu okkati ammithe saripodhu.
138,"00:04:53,240","00:04:54,920",speaker_4,Uniform తో సహా అన్నీ అమ్మేయాలి.,Uniform tho sahaa annee ammeyaali.
139,"00:04:59,220","00:04:59,830",speaker_4,మన రాష్ట్రంలో,mana raashtramlo
140,"00:05:00,040","00:05:01,810",speaker_4,రెండు లక్షల మంది IIT చదవాలనుకుంటే,rendu lakshala mandhi IIT chadhavaalanukunte
141,"00:05:02,800","00:05:03,610",speaker_4,అందులో కనీసం,andhulo kaneesam
142,"00:05:03,860","00:05:04,830",speaker_4,లక్ష మంది భవిష్యత్తుకి,laksha mandhi bhavishyaththuki
143,"00:05:06,829","00:05:07,920",speaker_4,మార్గదర్శకులం మనమే.,maargadharshakulam maname.
144,"00:05:12,459","00:05:13,610",speaker_4,ఇన్ని రోజులు ఆంధ్రప్రదేశ్లో,inni rojulu aandhrapradheshlo
145,"00:05:14,040","00:05:15,590",speaker_4,IIT coaching అనగానే వినిపించేది,IIT coaching anagaane vinipinchedhi
146,"00:05:15,860","00:05:17,550",speaker_4,రెండే రెండు colleges పేర్లు.,rende rendu colleges perlu.
147,"00:05:18,339","00:05:19,510",speaker_4,ఇక నుంచి గాలికంటే,ika nunchi gaalikante
148,"00:05:19,939","00:05:20,290",speaker_4,"వేగంగా,","vegangaa,"
149,"00:05:21,489","00:05:22,449",speaker_4,గాల్లో భాగంగా,gaallo bhaagangaa
150,"00:05:22,500","00:05:22,850",speaker_4,వినిపించాల్సిన,vinipinchaalsina
151,"00:05:23,399","00:05:23,750",speaker_4,ఒకే,oke
152,"00:05:24,100","00:05:24,810",speaker_4,ఒక్క పేరు,okka peru
153,"00:05:26,220","00:05:27,270",speaker_1,All India Rankers!,All India Rankers!
154,"00:05:33,139","00:05:34,170",speaker_3,మంది విజయవాడ బాబాయ్.,mandhi vijayavaada baabaay.
155,"00:05:34,660","00:05:35,430",speaker_3,area కృష్ణలంక.,area krushnalanka.
156,"00:05:36,079","00:05:36,430",speaker_3,మామూలుగా,maamoolugaa
157,"00:05:36,720","00:05:36,959",speaker_3,ఉండదు.,undadhu.
158,"00:05:37,660","00:05:38,930",speaker_3,ఆ పెద్దాయన చెప్పిన స్వచ్ఛమైన,aa pedhdhaayana cheppina svachhamaina
159,"00:05:39,379","00:05:40,230",speaker_3,తాజా గొర్రెపిల్లల్లో,thaajaa gorrepillallo
160,"00:05:40,779","00:05:41,350",speaker_3,నేను ఒకడిని.,nenu okadini.
161,"00:05:41,879","00:05:42,850",speaker_3,మీరు చూడబోయే కథలో,meeru choodaboye kathalo
162,"00:05:43,100","00:05:43,450",speaker_3,మొదటివాడిని.,modhativaadini.
163,"00:05:44,860","00:05:45,899",speaker_3,దాసరి అర్జున్ ప్రసాద్.,dhaasari arjun prasaadh.
164,"00:05:54,430","00:05:55,330",speaker_3,ఇక్కడ అందరి tension,ikkada andhari tension
165,"00:05:55,600","00:05:56,319",speaker_3,నా result కోసం.,naa result kosam.
166,"00:05:57,060","00:05:57,750",speaker_3,కానీ నా tension,kaanee naa tension
167,"00:05:58,120","00:05:58,589",speaker_3,వేరే ఉంది.,vere undhi.
168,"00:06:00,540","00:06:00,909",speaker_4,వచ్చిందా?,vachhindhaa?
169,"00:06:00,959","00:06:01,259",speaker_1,వచ్చిందా?,vachhindhaa?
170,"00:06:04,711","00:06:05,322",speaker_5,లేదు డాడీ,ledhu daddy
171,"00:06:05,692","00:06:07,752",speaker_5,ఇప్పుడే site open అయింది ఇంకా చాలా time ఉంది,ippude site open ayindhi inkaa chaalaa time undhi
172,"00:06:08,911","00:06:09,692",speaker_6,త్వరగా కానీ రా,thvaragaa kaanee raa
173,"00:06:22,971","00:06:24,842",speaker_7,గిరి గాడికి కూడా ఇలా చాలా late అయిపోయింది,giri gaadiki koodaa ilaa chaalaa late ayipoyindhi
174,"00:06:25,232","00:06:26,672",speaker_7,చూస్తే నాలుగు subjects పోయినాయి,choosthe naalugu subjects poyinaayi
175,"00:06:33,552","00:06:33,902",speaker_6,అవుతున్నాడేంటి?,avuthunnaadenti?
176,"00:06:39,651","00:06:40,401",speaker_6,రేయ్ వచ్చింద్రా వచ్చింది,rey vachhindhraa vachhindhi
177,"00:06:40,451","00:06:41,022",speaker_5,డ్యాడీ డ్యాడీ,daddy daddy
178,"00:06:41,161","00:06:41,262",speaker_5,డ్యాడీ,daddy
179,"00:06:48,052","00:06:48,602",speaker_6,ఏం లేదేంట్రా,yem ledhentraa
180,"00:06:48,721","00:06:49,072",speaker_6,ఇక్కడ,ikkada
181,"00:06:50,492","00:06:51,151",speaker_5,ఏం లేదా?,yem ledhaa?
182,"00:06:52,951","00:06:53,151",speaker_5,చూడు,choodu
183,"00:06:55,232","00:06:58,021",speaker_5,మరి అందుకే కాసేపు ఆగమని చెప్పేది ఏ చేత్తో పడితే ఆ చేత్తో పట్టుకుంటే,mari andhuke kaasepu aagamani cheppedhi ye cheththo padithe aa cheththo pattukunte
184,"00:06:58,451","00:06:59,531",speaker_5,computer virus ఎక్కదా డాడీ?,computer virus yekkadhaa daddy?
185,"00:07:00,351","00:07:01,482",speaker_5,ఇందాక నుండి pin గాడు తగ్గుతుంటేనే,indhaaka nundi pin gaadu thagguthuntene
186,"00:07:01,932","00:07:03,602",speaker_5,system ఎక్కడ hang అయిపోతుందో అని tension పడుతుంటే,system yekkada hang ayipothundho ani tension paduthunte
187,"00:07:04,932","00:07:05,732",speaker_5,fracture అయిందో ఏంటో,fracture ayindho yento
188,"00:07:18,752","00:07:19,512",speaker_5,521 వచ్చే డాడీ,521 vachhe daddy
189,"00:07:20,151","00:07:20,351",speaker_6,ఆ,aa
190,"00:07:21,891","00:07:22,732",speaker_8,మంచి మాకులు చాలా,manchi maakulu chaalaa
191,"00:07:31,921","00:07:32,372",speaker_6,friends తో,friends tho
192,"00:07:32,432","00:07:33,201",speaker_6,సతాయించి enjoy చెయ్యి రా,sathaayinchi enjoy cheyyi raa
193,"00:07:33,252","00:07:33,971",speaker_5,ఏయ్ ఎందుకు పెద్దనాన్న,yey yendhuku pedhdhanaanna
194,"00:07:34,351","00:07:34,701",speaker_6,జాగ్రత్త,jaagraththa
195,"00:07:35,151","00:07:35,502",speaker_6,వెళ్ళొస్తాను,vellosthaanu
196,"00:07:35,812","00:07:36,401",speaker_5,Thanks పెద్దనాన్న,Thanks pedhdhanaanna
197,"00:07:36,591","00:07:36,942",speaker_7,వెళ్ళొస్తాను,vellosthaanu
198,"00:07:37,252","00:07:37,352",speaker_7,రా,raa
199,"00:07:37,271","00:07:37,841",speaker_6,Bye చిరుతల్లి,Bye chiruthalli
200,"00:07:37,891","00:07:38,132",speaker_5,Bye పెద్దమ్మ,Bye pedhdhamma
201,"00:07:39,491","00:07:40,291",speaker_7,Bye నాన్న,Bye naanna
202,"00:07:40,372","00:07:40,601",speaker_6,Bye అమ్మ,Bye amma
203,"00:07:40,672","00:07:41,022",speaker_8,సరే,sare
204,"00:07:41,591","00:07:42,122",speaker_8,బాబు గారు,baabu gaaru
205,"00:07:42,432","00:07:43,522",speaker_5,అప్పుడప్పుడు వస్తూ ఉండు పెద్దనాన్న,appudappudu vasthoo undu pedhdhanaanna
206,"00:07:45,872","00:07:46,722",speaker_6,తన ఆఖరి బంతికి,thana aakhari banthiki
207,"00:07:47,132","00:07:47,482",speaker_6,అద్భుతమైన,adhbhuthamaina
208,"00:07:48,031","00:07:48,391",speaker_6,sixer,sixer
209,"00:07:50,252","00:07:51,211",speaker_5,గొర్రెపిల్ల number two,gorrepilla number two
210,"00:07:52,021","00:07:52,591",speaker_5,దేవినేని రాజ్,dhevineni raj
211,"00:07:52,651","00:07:54,201",speaker_5,కుమార్ simple గా రాజు,kumaar simple gaa raaju
212,"00:07:54,531","00:07:55,082",speaker_5,from రామవరప్పాడు,from raamavarappaadu
213,"00:07:55,391","00:07:55,742",speaker_5,ring.,ring.
214,"00:07:56,192","00:07:58,632",speaker_5,ఏ రోజు రూపాయి కూడా interest కి తీసుకోని family లో పుట్టినాడు,ye roju roopaayi koodaa interest ki theesukoni family lo puttinaadu
215,"00:07:59,432","00:08:01,012",speaker_5,obviously వీడికి చదువు అంటే interest ఉండదు.,obviously veediki chadhuvu ante interest undadhu.
216,"00:08:01,831","00:08:03,722",speaker_5,ఈ buildup చూసి మనోడికి cricket అంటే passion అనుకుంటున్నారేమో,ee buildup choosi manodiki cricket ante passion anukuntunnaaremo
217,"00:08:04,492","00:08:06,872",speaker_5,అంత scene లేదు. వీడికి చదువు తప్ప ఏదైనా okay.,antha scene ledhu. veediki chadhuvu thappa yedhainaa okay.
218,"00:08:11,632","00:08:12,682",speaker_5,ఆ కంగారు పడకండి,aa kangaroo padakandi
219,"00:08:12,992","00:08:13,602",speaker_5,he is safe,he is safe
220,"00:08:18,831","00:08:19,132",speaker_6,రాజు!,raaju!
221,"00:08:20,711","00:08:21,072",speaker_6,ఏ రాజు!,ye raaju!
222,"00:08:22,291","00:08:22,732",speaker_6,ఏ స్వర్ణ!,ye svarna!
223,"00:08:23,132","00:08:23,622",speaker_8,ఆ వస్తున్న,aa vasthunna
224,"00:08:28,012","00:08:28,391",speaker_6,ఏడి వీడు?,yedi veedu?
225,"00:08:28,932","00:08:30,411",speaker_8,ఆ ఆ వస్తున్న రాజు!,aa aa vasthunna raaju!
226,"00:08:32,152","00:08:32,412",speaker_5,డ్యాడీ,daddy
227,"00:08:32,491","00:08:33,471",speaker_6,పిలుస్తుంటే ఏం చేస్తున్నావ్ రా?,pilusthunte yem chesthunnaav raa?
228,"00:08:36,331","00:08:36,841",speaker_5,అదే డాడీ,adhe daddy
229,"00:08:37,711","00:08:38,711",speaker_5,results analyze చేస్తున్నా,results analyze chesthunnaa
230,"00:08:39,131","00:08:40,461",speaker_6,Analyze ఆ? వాడు చెప్పిందే,Analyze aa? vaadu cheppindhe
231,"00:08:40,611","00:08:40,961",speaker_6,ఇంత,intha
232,"00:08:41,451","00:08:41,892",speaker_6,వచ్చింది ఇంత,vachhindhi intha
233,"00:08:42,172","00:08:42,861",speaker_8,Phone లేండి,Phone lendi
234,"00:08:43,152","00:08:44,081",speaker_8,pass అయ్యాడు కదా,pass ayyaadu kadhaa
235,"00:08:44,351","00:08:45,322",speaker_6,లక్షల లక్షలు పోసింది,lakshala lakshalu posindhi
236,"00:08:45,751","00:08:46,922",speaker_6,లక్షనమైన marks కోసం,lakshanamaina marks kosam
237,"00:08:47,111","00:08:48,072",speaker_6,pass అవడానికి కాదు,pass avadaaniki kaadhu
238,"00:08:48,131","00:08:48,481",speaker_5,ముందోడు,mundhodu
239,"00:08:48,812","00:08:49,162",speaker_5,చూపించలేకపోతే,choopinchalekapothe
240,"00:08:49,371","00:08:49,971",speaker_5,అవేనో వచ్చాయి,aveno vachhaayi
241,"00:08:50,331","00:08:51,461",speaker_5,లేకపోతే డాడీ ఏమైపోయేవాడో,lekapothe daddy yemaipoyevaado
242,"00:08:52,272","00:08:53,601",speaker_6,ఏంట్రా ఇటు మాట్లాడుతుంటే అటు చూస్తున్నావ్,yentraa itu maatlaaduthunte atu choosthunnaav
243,"00:08:53,892","00:08:54,242",speaker_5,అదే,adhe
244,"00:08:54,511","00:08:54,861",speaker_5,డాడీ,daddy
245,"00:08:55,392","00:08:56,882",speaker_5,correct exams అప్పుడు health బాలేదు కదా,correct exams appudu health baaledhu kadhaa
246,"00:08:57,831","00:08:58,751",speaker_5,high fever తో రాయడం వల్ల,high fever tho raayadam valla
247,"00:08:59,412","00:09:00,072",speaker_5,low marks వచ్చాయి,low marks vachhaayi
248,"00:09:00,552","00:09:00,902",speaker_5,ఛ.,cha.
249,"00:09:05,812","00:09:06,072",speaker_6,సర్లే,sarle
250,"00:09:06,831","00:09:07,532",speaker_6,అయిందేదో అయింది,ayindhedho ayindhi
251,"00:09:08,471","00:09:09,882",speaker_6,intermediate అయినా సరిగ్గా plan చేయాలి.,intermediate ayinaa sariggaa plan cheyaali.
252,"00:09:10,111","00:09:10,461",speaker_6,ఒరేయ్,orey
253,"00:09:12,001","00:09:12,581",speaker_6,intermediate రెండు,intermediate rendu
254,"00:09:12,631","00:09:12,981",speaker_6,సంవత్సరాలు,samvathsaraalu
255,"00:09:13,451","00:09:15,341",speaker_6,చాలా crucial and turning point.,chaalaa crucial and turning point.
256,"00:09:15,631","00:09:17,201",speaker_6,ఈ రెండు సంవత్సరాలు జాగ్రత్తగా కష్టపడి చదివేసావనుకో,ee rendu samvathsaraalu jaagraththagaa kashtapadi chadhivesaavanuko
257,"00:09:17,792","00:09:18,532",speaker_6,దెబ్బకు life set.,dhebbaku life set.
258,"00:09:19,032","00:09:19,532",speaker_6,ఇంక కష్టపడక్కర్లేదు.,inka kashtapadakkarledhu.
259,"00:09:20,412","00:09:21,782",speaker_6,Seventh ఏ first public exam,Seventh ye first public exam
260,"00:09:21,971","00:09:23,251",speaker_6,చాలా crucial and turning point.,chaalaa crucial and turning point.
261,"00:09:24,331","00:09:25,122",speaker_6,ఎంతో ఒకటి చదివేసావనుకో,yentho okati chadhivesaavanuko
262,"00:09:25,672","00:09:26,132",speaker_6,ఇంక కష్టపడక్కర్లేదు,inka kashtapadakkarledhu
263,"00:09:26,611","00:09:26,961",speaker_6,life set,life set
264,"00:09:27,152","00:09:27,922",speaker_5,ఆ చాలా,aa chaalaa
265,"00:09:30,711","00:09:31,532",speaker_5,బాగా అర్థమవుతుంది డాడీ,baagaa arthamavuthundhi daddy
266,"00:09:31,792","00:09:32,731",speaker_6,ఏం అర్థమైందో ఏంటో,yem arthamaindho yento
267,"00:09:32,971","00:09:33,581",speaker_6,డబ్బులు వదిలిపోతున్నాయి,dabbulu vadhilipothunnaayi
268,"00:09:35,451","00:09:36,782",speaker_8,summer holidays తర్వాత చదువుకుంటాడులెండి,summer holidays tharvaatha chadhuvukuntaadulendi
269,"00:09:37,511","00:09:38,172",speaker_6,Summer holidays ఆ?,Summer holidays aa?
270,"00:09:38,442","00:09:38,542",speaker_8,ఆ,aa
271,"00:09:38,451","00:09:39,412",speaker_6,ఇదేమైనా tenth అనుకుంటున్నావా?,idhemainaa tenth anukuntunnaavaa?
272,"00:09:39,912","00:09:41,851",speaker_6,inter లో summer ఏ ఉంటుంది holidays ఉండవు,inter lo summer ye untundhi holidays undavu
273,"00:09:42,272","00:09:43,371",speaker_5,మొన్ననే కదా డాడీ tenth అయింది,monnane kadhaa daddy tenth ayindhi
274,"00:09:43,552","00:09:46,472",speaker_6,పది తర్వాత ఎంతరా? పో పో పో పద కొండు ఏది gap ఏది gap ఏది gap ఏది?,padhi tharvaatha yentharaa? po po po padha kondu yedhi gap yedhi gap yedhi gap yedhi?
275,"00:09:46,522","00:09:47,182",speaker_6,ఉండదా ఉండదు,undadhaa undadhu
276,"00:09:47,451","00:09:47,942",speaker_6,అలా వెళ్ళిపోడమే,alaa vellipodame
277,"00:09:48,292","00:09:48,642",speaker_5,ఆ,aa
278,"00:09:48,851","00:09:49,131",speaker_5,పోదాం,podhaam
279,"00:09:50,172","00:09:51,242",speaker_6,Top colleges అన్నింట్లో,Top colleges annintlo
280,"00:09:51,371","00:09:53,522",speaker_6,bridge course start అయింది. ప్రతి college కి వెళ్ళి,bridge course start ayindhi. prathi college ki velli
281,"00:09:53,912","00:09:54,822",speaker_6,material ఎక్కడ బాగుందో,material yekkada baagundho
282,"00:09:55,192","00:09:56,201",speaker_6,faculty ఎక్కడ బాగుందో,faculty yekkada baagundho
283,"00:09:56,451","00:09:56,802",speaker_6,జాగ్రత్తగా,jaagraththagaa
284,"00:09:56,991","00:09:57,511",speaker_6,తెలుసుకోవాలి మనం,thelusukovaali manam
285,"00:09:58,052","00:09:58,402",speaker_8,తెలుసుకుంటాడులెండి.,thelusukuntaadulendi.
286,"00:10:00,611","00:10:02,601",speaker_8,నీ కోసం పాయసం చేశాను తిందువు కదరా,nee kosam paayasam cheshaanu thindhuvu kadharaa
287,"00:10:02,912","00:10:03,912",speaker_5,ఎప్పుడు పాయసమే అండి మమ్మీ,yeppudu paayasame andi mummy
288,"00:10:04,052","00:10:04,231",speaker_8,అబ్బా,abbaa
289,"00:10:04,432","00:10:07,172",speaker_6,మరి నీకు వచ్చిన marks కు ఊరంతా భోజనాలు పెట్టి డబ్బులు కొడుతూ dance,mari neeku vachhina marks ku ooranthaa bhojanaalu petti dabbulu koduthoo dance
290,"00:10:07,221","00:10:07,511",speaker_6,చేయాలా?,cheyaalaa?
291,"00:10:12,552","00:10:13,322",speaker_5,మూడవ గొర్రెపిల్ల,moodava gorrepilla
292,"00:10:14,152","00:10:14,721",speaker_5,మా ఇద్దరికీ,maa idhdharikee
293,"00:10:14,912","00:10:16,192",speaker_5,వంద kilometers దూరంలో,vandha kilometers dhooramlo
294,"00:10:17,652","00:10:18,812",speaker_5,బందరుకు చెందిన ఇమ్రాన్.,bandharuku chendhina imraan.
295,"00:10:19,572","00:10:20,272",speaker_5,వాడి marks లు,vaadi marks lu
296,"00:10:20,851","00:10:21,201",speaker_5,579,579
297,"00:10:22,751","00:10:25,152",speaker_5,sorry sorry ఐదు వందల డెబ్బై తొమ్మిది.,sorry sorry aidhu vandhala debbai thommidhi.
298,"00:10:26,551","00:10:27,841",speaker_5,అదేమో వాడు తెలుగు మీడియం లెండి,adhemo vaadu thelugu medium lendi
299,"00:10:33,001","00:10:33,631",speaker_7,579 అంటే,579 ante
300,"00:10:33,711","00:10:34,620",speaker_7,మామూలు విషయం కాదు,maamoolu vishayam kaadhu
301,"00:10:35,111","00:10:35,231",speaker_5,ఆ,aa
302,"00:10:46,652","00:10:48,502",speaker_7,576 579 అంటే మామూలు మాటలు కాదు,576 579 ante maamoolu maatalu kaadhu
303,"00:10:48,971","00:10:52,022",speaker_6,నీ వల్లే ఇదంతా జరిగింది. అసలు నువ్వే లేకపోతే వాడికి ఇన్ని marks,nee valle idhanthaa jarigindhi. asalu nuvve lekapothe vaadiki inni marks
304,"00:10:52,111","00:10:52,692",speaker_6,వచ్చేవా చెప్పు,vachhevaa cheppu
305,"00:10:53,091","00:10:55,831",speaker_7,తనతో పాటు ఇంకొక యాభై మందికి కూడా నేనే చెప్పాను చాచా,thanatho paatu inkoka yaabhai mandhiki koodaa nene cheppaanu chaachaa
306,"00:10:56,272","00:10:57,971",speaker_7,కానీ ఇమ్రాన్ మాత్రమే top చేశాడు.,kaanee imraan maathrame top cheshaadu.
307,"00:10:59,072","00:11:00,591",speaker_7,वो बहुत मेहनत करता है,वो बहुत मेहनत करता है
308,"00:11:00,652","00:11:02,091",speaker_6,ये पूरा अल्लाह की दुआ है बेटी,ये पूरा अल्लाह की दुआ है बेटी
309,"00:11:03,052","00:11:04,101",speaker_5,మమ్మీ మమ్మీ దింపు మమ్మీ,mummy mummy dhimpu mummy
310,"00:11:04,351","00:11:05,032",speaker_5,ఆడింగ్ చాలెగా అండి,aading chaalegaa andi
311,"00:11:05,172","00:11:05,711",speaker_6,ఆరేయ్ సే,aarey se
312,"00:11:06,192","00:11:07,692",speaker_5,ఆ అది కాదు మమ్మూ దింపు మమ్మూ,aa adhi kaadhu mammoo dhimpu mammoo
313,"00:11:10,101","00:11:10,622",speaker_7,అలా అని,alaa ani
314,"00:11:10,672","00:11:11,662",speaker_7,దీన్ని ఇంతటితో ఆపేయకూడదు,dheenni inthatitho aapeyakoodadhu
315,"00:11:11,932","00:11:12,292",speaker_7,చాచా.,chaachaa.
316,"00:11:12,892","00:11:15,122",speaker_7,దీని తర్వాత కూడా ఏం చేయాలో మనమే ఆలోచించాలి,dheeni tharvaatha koodaa yem cheyaalo maname aalochinchaali
317,"00:11:15,871","00:11:16,422",speaker_6,చూడు బేటీ,choodu betee
318,"00:11:16,731","00:11:18,782",speaker_6,ఆ colleges అవన్నీ నాకేం తెలుస్తాయి చెప్పు?,aa colleges avannee naakem thelusthaayi cheppu?
319,"00:11:19,131","00:11:21,971",speaker_6,నువ్వే మన ఊరు దగ్గర్లో ఉన్న college ఉంటే చూడు అందులోనే వాణ్ణి,nuvve mana ooru dhaggarlo unna college unte choodu andhulone vaanni
320,"00:11:22,032","00:11:22,601",speaker_6,share చేద్దాం,share chedhdhaam
321,"00:11:24,971","00:11:25,701",speaker_7,అంటే చాచా,ante chaachaa
322,"00:11:26,552","00:11:28,182",speaker_7,ఇమ్రాన్ IIT లో seat తెచ్చుకొని,imraan IIT lo seat thechhukoni
323,"00:11:28,812","00:11:29,841",speaker_7,engineer అవుదాం అనుకుంటున్నాడు,engineer avudhaam anukuntunnaadu
324,"00:11:32,211","00:11:34,731",speaker_5,అవునబ్బు నేను కష్టపడి చదివి IIT లో rank తెచ్చుకుంటా,avunabbu nenu kashtapadi chadhivi IIT lo rank thechhukuntaa
325,"00:11:35,471","00:11:35,912",speaker_8,देखो बेटा!,देखो बेटा!
326,"00:11:36,751","00:11:38,262",speaker_8,ఈ city colleges ఇవన్నీ డబ్బున్నోళ్ళకి,ee city colleges ivannee dabbunnollaki
327,"00:11:38,912","00:11:39,522",speaker_8,మనకు కాదు.,manaku kaadhu.
328,"00:11:41,951","00:11:42,192",speaker_8,చూడు,choodu
329,"00:11:43,152","00:11:44,871",speaker_8,మేడం దగ్గర్లో ఉన్న మంచి college చూస్తారు.,madame dhaggarlo unna manchi college choosthaaru.
330,"00:11:45,351","00:11:46,282",speaker_8,అందులోనే నువ్వు చదువుతున్నావు.,andhulone nuvvu chadhuvuthunnaavu.
331,"00:11:48,451","00:11:49,642",speaker_8,అక్కడ cake cutting ఏదో ఉందట,akkada cake cutting yedho undhata
332,"00:11:49,851","00:11:50,461",speaker_8,పదండి వెళ్దాం,padhandi veldhaam
333,"00:11:56,751","00:11:57,802",speaker_7,ఇప్పుడే చెప్పాం కదా,ippude cheppaam kadhaa
334,"00:11:58,192","00:11:58,542",speaker_7,చూద్దాంలే,choodhdhaamle
335,"00:11:59,951","00:12:02,201",speaker_7,head master wait చేస్తూ ఉంటారు cake cut చేద్దాం,head master wait chesthoo untaaru cake cut chedhdhaam
336,"00:12:02,692","00:12:03,042",speaker_7,పద,padha
337,"00:12:09,700","00:12:10,429",speaker_5,ఇది college brochure sir,idhi college brochure sir
338,"00:12:10,480","00:12:11,320",speaker_9,ఆ టీ తీసుకో,aa tee theesuko
339,"00:12:11,580","00:12:12,139",speaker_5,Thank you ma'am,Thank you ma'am
340,"00:12:15,019","00:12:16,100",speaker_9,అర్జున్ రమ్మనమ్మా ఒకసారి,arjun rammanammaa okasaari
341,"00:12:17,080","00:12:17,430",speaker_10,అర్జున్,arjun
342,"00:12:18,039","00:12:19,559",speaker_5,ఇప్పుడున్న top courses ఈ రెండే sir,ippudunna top courses ee rende sir
343,"00:12:19,779","00:12:20,139",speaker_9,ఈ రెండూ,ee rendoo
344,"00:12:20,559","00:12:20,990",speaker_5,ఆ అవే sir,aa away sir
345,"00:12:21,159","00:12:21,269",speaker_9,ఓకే,okay
346,"00:12:21,919","00:12:22,460",speaker_5,వెళ్ళొస్తాను అమ్మ,vellosthaanu amma
347,"00:12:22,799","00:12:23,110",speaker_9,రేయ్ రేయ్ రేయ్,rey rey rey
348,"00:12:23,159","00:12:23,299",speaker_5,ఆ రేయ్ రేయ్,aa rey rey
349,"00:12:24,059","00:12:25,340",speaker_9,ఈయన PRO రవి గారు,eeyana PRO ravi gaaru
350,"00:12:25,399","00:12:25,610",speaker_11,నమస్తే,namasthe
351,"00:12:25,679","00:12:26,350",speaker_9,అన్నయ్య వాళ్ళని,annayya vaallani
352,"00:12:26,759","00:12:27,919",speaker_9,ఇంటర్ లో join చేసింది ఈయనే,inter lo join chesindhi eeyane
353,"00:12:28,019","00:12:28,279",speaker_5,ఆ,aa
354,"00:12:28,379","00:12:30,340",speaker_9,నిన్ను కూడా అదే college లో join చేద్దాం అనుకుంటున్నాం,ninnu koodaa adhe college lo join chedhdhaam anukuntunnaam
355,"00:12:30,620","00:12:30,970",speaker_5,ఆ,aa
356,"00:12:31,759","00:12:34,889",speaker_11,మీకేం tension లేదు sir fees పరంగా మన college చాలా affordable,meekem tension ledhu sir fees parangaa mana college chaalaa affordable
357,"00:12:35,159","00:12:35,399",speaker_9,ఆ,aa
358,"00:12:35,460","00:12:37,600",speaker_11,Educational wise కూడా top one లో ఉంది మన college,Educational wise koodaa top one lo undhi mana college
359,"00:12:37,679","00:12:38,050",speaker_9,ఆ,aa
360,"00:12:38,100","00:12:38,649",speaker_11,మీకు తెలియనిదేముంది,meeku theliyanidhemundhi
361,"00:12:38,779","00:12:41,210",speaker_11,sir మీ ఇద్దరి అబ్బాయిల్ని మన college దాన్ని కదా join చేశారు,sir mee idhdhari abbaayilni mana college dhaanni kadhaa join cheshaaru
362,"00:12:41,399","00:12:41,928",speaker_9,అవన్నీ కాదు,avannee kaadhu
363,"00:12:42,440","00:12:44,559",speaker_9,already ఇద్దర్నీ join చేశాం fees బాగా తగ్గించాలి మీరు,already idhdharnee join cheshaam fees baagaa thagginchaali meeru
364,"00:12:45,419","00:12:47,820",speaker_11,అయ్యో! మీరు చెప్పాలేంటి sir maximum చేద్దాం,ayyo! meeru cheppaalenti sir maximum chedhdhaam
365,"00:12:49,000","00:12:50,029",speaker_5,వీళ్ళిద్దరు speed అయిపోతున్నారు,veellidhdharu speed ayipothunnaaru
366,"00:12:50,539","00:12:51,500",speaker_5,ఏదో ఒకటి చెప్పి break వెయ్యాలి.,yedho okati cheppi break veyyaali.
367,"00:12:52,960","00:12:53,328",speaker_5,పెద్దనాన్న,pedhdhanaanna
368,"00:12:53,419","00:12:54,170",speaker_9,మ్ తాగండి,m thaagandi
369,"00:12:55,019","00:12:56,629",speaker_5,నేను IIT coaching లో join అవ్వదాం అనుకుంటున్నాను.,nenu IIT coaching lo join avvadhaam anukuntunnaanu.
370,"00:12:56,879","00:12:58,059",speaker_9,ఇది IIT నే రా,idhi IIT ne raa
371,"00:12:58,580","00:13:00,389",speaker_9,IIT లో join అయితే MC rank లో వస్తాయి.,IIT lo join ayithe MC rank lo vasthaayi.
372,"00:13:00,620","00:13:00,970",speaker_5,ఆ,aa
373,"00:13:01,179","00:13:01,930",speaker_5,అలా కాదు పెద్దనాన్న,alaa kaadhu pedhdhanaanna
374,"00:13:02,500","00:13:03,670",speaker_5,నేను IIT లో seat కొట్టాలనుకుంటున్నాను.,nenu IIT lo seat kottaalanukuntunnaanu.
375,"00:13:05,750","00:13:06,350",speaker_5,దానికి మంచి,dhaaniki manchi
376,"00:13:06,399","00:13:07,779",speaker_5,college అయితే బాగుంటది కదా daddy,college ayithe baaguntadhi kadhaa daddy
377,"00:13:08,279","00:13:09,399",speaker_11,Sir మనది మంచి college ఏ sir,Sir manadhi manchi college ye sir
378,"00:13:09,539","00:13:09,889",speaker_5,మంచి,manchi
379,"00:13:10,639","00:13:11,240",speaker_5,college ఏ,college ye
380,"00:13:12,389","00:13:13,129",speaker_5,కాకపోతే IIT,kaakapothe IIT
381,"00:13:13,179","00:13:14,240",speaker_5,లో కొన్ని special ఉంటాయి.,lo konni special untaayi.
382,"00:13:14,658","00:13:16,769",speaker_5,అవి research చేసి analysis చేసి,avi research chesi analysis chesi
383,"00:13:16,960","00:13:18,639",speaker_5,the best college ఏదో నేను చెప్తాను daddy.,the best college yedho nenu chepthaanu daddy.
384,"00:13:18,919","00:13:19,269",speaker_5,అంతవరకు,anthavaraku
385,"00:13:19,720","00:13:21,470",speaker_5,మీరు కంగారు పడకండి daddy. నేను వెళ్ళొస్తాను,meeru kangaroo padakandi daddy. nenu vellosthaanu
386,"00:13:21,600","00:13:21,960",speaker_5,please daddy,please daddy
387,"00:13:22,139","00:13:22,259",speaker_9,అది,adhi
388,"00:13:22,340","00:13:22,440",speaker_5,బాయ్,boy
389,"00:13:22,840","00:13:23,100",speaker_5,పెద్దనాన్న,pedhdhanaanna
390,"00:13:23,149","00:13:23,870",speaker_9,పెద్దనాన్న చెప్పేది ఒకసారి విను,pedhdhanaanna cheppedhi okasaari vinu
391,"00:13:23,919","00:13:24,039",speaker_5,బాయ్,boy
392,"00:13:25,860","00:13:26,480",speaker_9,వాడంతే బాబు,vaadanthe baabu
393,"00:13:26,899","00:13:27,409",speaker_9,మా వాళ్ళందరిలో,maa vaallandharilo
394,"00:13:27,580","00:13:28,769",speaker_9,కూడా చదువు అంటే వాడికి బాగా పిచ్చి,koodaa chadhuvu ante vaadiki baagaa pichhi
395,"00:13:29,000","00:13:30,070",speaker_9,అన్నీ high level లో ఉండాలనుకుంటాడు,annee high level lo undaalanukuntaadu
396,"00:13:34,200","00:13:34,519",speaker_5,lucky,lucky
397,"00:13:35,200","00:13:35,899",speaker_5,park కి రా,park ki raa
398,"00:13:36,120","00:13:36,320",speaker_10,ok,ok
399,"00:13:36,559","00:13:37,190",speaker_5,fast గా రా,fast gaa raa
400,"00:13:43,449","00:13:44,310",speaker_10,congrats రా,congrats raa
401,"00:13:44,360","00:13:45,909",speaker_10,twenty marks తో గుండు నుంచి తప్పించుకున్నావ్,twenty marks tho gundu nunchi thappinchukunnaav
402,"00:13:48,090","00:13:48,690",speaker_5,హ్మ్ నన్ను,hma్ nannu
403,"00:13:48,740","00:13:51,840",speaker_5,గుండులో చూడాలని ఎందుకే నీకు అంత కోరిక? నీకు గుండಾಗಿ పోవడం కాకపోతే,gundulo choodaalani yendhuke neeku antha korika? neeku gundaಾಗಿ povadam kaakapothe
404,"00:13:52,440","00:13:53,159",speaker_10,అది కూడా correct ఏలే.,adhi koodaa correct yele.
405,"00:13:55,320","00:13:56,789",speaker_10,రేయ్! జయశ్రీ ki five hundred ఏ,rey! jayashree ki five hundred ye
406,"00:13:56,860","00:13:57,200",speaker_5,హ్మ్,hma్
407,"00:13:58,139","00:14:00,050",speaker_5,నా result కంటే ముందు తన result ఏ చూశా,naa result kante mundhu thana result ye chooshaa
408,"00:14:00,379","00:14:00,730",speaker_10,అబ్బో,abbo
409,"00:14:01,679","00:14:01,850",speaker_5,హేయ్!,hey!
410,"00:14:02,370","00:14:04,379",speaker_5,ఇదంతా కాదే అసలు జయశ్రీ ఏ college లో join అవుతుంది?,idhanthaa kaadhe asalu jayashree ye college lo join avuthundhi?
411,"00:14:04,820","00:14:08,409",speaker_10,రేయ్! మొన్నే కదరా results వచ్చీ అప్పుడే నీకు college goal ఏంట్రా,rey! monne kadharaa results vachhee appude neeku college goal yentraa
412,"00:14:09,840","00:14:11,340",speaker_5,నా pressure నీకే అర్థం అయితది బాబు,naa pressure neeke artham ayithadhi baabu
413,"00:14:11,879","00:14:13,710",speaker_10,నీకే కాదు అందరికీ ఉంటాయి pressures,neeke kaadhu andharikee untaayi pressures
414,"00:14:14,580","00:14:17,210",speaker_5,మీకే ఉంటాయి pressures మీకు నచ్చిన college లో మీరు join అవుతారు.,meeke untaayi pressures meeku nachhina college lo meeru join avuthaaru.
415,"00:14:17,460","00:14:17,810",speaker_5,నేను,nenu
416,"00:14:18,080","00:14:20,668",speaker_5,జయశ్రీ ఏ college లో join అవుతే నేను అదే college లో join అవ్వాలి,jayashree ye college lo join avuthe nenu adhe college lo join avvaali
417,"00:14:26,120","00:14:26,559",speaker_10,అర్జున్!,arjun!
418,"00:14:27,019","00:14:28,639",speaker_10,నాకిప్పుడే ఒక beautiful thought వచ్చింది.,naakippude oka beautiful thought vachhindhi.
419,"00:14:29,460","00:14:31,419",speaker_10,ఒకవేళ జయశ్రీ girls campus లో join అయితే.,okavela jayashree girls campus lo join ayithe.
420,"00:14:32,980","00:14:33,139",speaker_10,ఉమ్,um
421,"00:14:34,340","00:14:35,559",speaker_5,నువ్వు అదే campus లో join అవుతావ్.,nuvvu adhe campus lo join avuthaav.
422,"00:14:35,960","00:14:37,529",speaker_5,నేను దాని ముందు campus లోనే join అవుతా.,nenu dhaani mundhu campus lone join avuthaa.
423,"00:14:37,779","00:14:39,650",speaker_5,tenth లో help చేసినట్టే inter లో two years కూడా,tenth lo help chesinatte inter lo two years koodaa
424,"00:14:39,700","00:14:41,539",speaker_10,రేయ్! వద్దురా బాబు please please,rey! vadhdhuraa baabu please please
425,"00:14:42,200","00:14:42,519",speaker_5,ఆ అది.,aa adhi.
426,"00:14:46,320","00:14:46,679",speaker_5,అవునే,avune
427,"00:14:47,379","00:14:48,990",speaker_5,జయశ్రీ ఏమన్నా bridge course లో join అవుతుందంటావా?,jayashree yemannaa bridge course lo join avuthundhantaavaa?
428,"00:14:49,259","00:14:49,610",speaker_10,ఊరుకోరా!,oorukoraa!
429,"00:14:50,200","00:14:51,850",speaker_10,ఈ రోజుల్లో కూడా bridge course కి ఎవరు వెళ్తున్నారు,ee rojullo koodaa bridge course ki yevaru velthunnaaru
430,"00:14:52,360","00:14:52,710",speaker_9,వెళ్ళాలిరా!,vellaaliraa!
431,"00:14:53,669","00:14:54,350",speaker_9,వెళ్తేనే మిగతా,velthene migathaa
432,"00:14:54,399","00:14:56,259",speaker_9,students కంటే రెండు నెలలు ముందు ఉంటావ్. ఊ...,students kante rendu nelalu mundhu untaav. oo...
433,"00:14:56,580","00:14:57,269",speaker_9,వెళ్ళు వెళ్ళు వెళ్ళు,vellu vellu vellu
434,"00:14:57,539","00:14:57,889",speaker_5,Okay.,Okay.
435,"00:15:03,000","00:15:03,340",speaker_5,bye daddy,bye daddy
436,"00:15:04,289","00:15:05,360","speaker_9, speaker_5",వెళ్ళు Okay.,vellu Okay.
437,"00:15:13,179","00:15:13,460",speaker_5,ఓ!,o!
438,"00:15:14,440","00:15:15,200",speaker_5,Daddy ఇంక ఉన్నారా?,Daddy inka unnaaraa?
439,"00:15:15,889","00:15:16,390",speaker_5,ఆ నేను,aa nenu
440,"00:15:16,440","00:15:16,820",speaker_5,వెళ్ళనా?,vellanaa?
441,"00:15:17,820","00:15:18,120",speaker_9,వెళ్ళు,vellu
442,"00:15:18,980","00:15:19,418",speaker_5,Okay daddy.,Okay daddy.
443,"00:15:45,580","00:15:46,970",speaker_5,ఎక్కడికో చెప్పకుండా ఏంట్రా నీ కంగారు?,yekkadiko cheppakundaa yentraa nee kangaroo?
444,"00:15:49,120","00:15:49,790",speaker_5,నమస్తే ma'am,namasthe ma'am
445,"00:15:51,840","00:15:54,370",speaker_10,ఈరోజే last date అని చెప్పాను కదా! అయినా ఎందుకు late చేసావ్?,eeroje last date ani cheppaanu kadhaa! ayinaa yendhuku late chesaav?
446,"00:15:54,659","00:15:55,009",speaker_5,అంటే,ante
447,"00:15:55,220","00:15:56,840",speaker_5,అబ్బూకి తెలియకుండా రావటానికి late అయింది madam,abbooki theliyakundaa raavataaniki late ayindhi madam
448,"00:15:57,340","00:15:57,679",speaker_10,సరే రా,sare raa
449,"00:15:58,750","00:16:00,009","speaker_5, speaker_9",మామూ నువ్వు,maamoo nuvvu
450,"00:16:00,059","00:16:00,409",speaker_9,పో,po
451,"00:16:02,960","00:16:04,170",speaker_10,నేను form అంతా fill up చేసేసాను,nenu form anthaa fill up chesesaanu
452,"00:16:04,809","00:16:05,009",speaker_5,Okay ma'am,Okay ma'am
453,"00:16:05,059","00:16:06,570",speaker_10,నువ్వొకసారి details అన్నీ check చేసుకుంటే,nuvvokasaari details annee check chesukunte
454,"00:16:07,639","00:16:08,360",speaker_10,submit చేసేస్తాం,submit chesesthaam
455,"00:16:08,960","00:16:09,200",speaker_5,సరే,sare
456,"00:16:13,820","00:16:14,419",speaker_9,ఏం form madam,yem form madam
457,"00:16:15,059","00:16:16,179",speaker_10,Exam ki apply చేస్తున్నాం.,Exam ki apply chesthunnaam.
458,"00:16:16,759","00:16:18,009",speaker_10,ఇందులో గానీ వీడు top చేస్తే,indhulo gaanee veedu top chesthe
459,"00:16:18,519","00:16:21,960",speaker_10,city లోనే best IIT JEE college లో free seat వస్తుంది.,city lone best IIT JEE college lo free seat vasthundhi.
460,"00:16:22,559","00:16:24,720",speaker_9,City లో college ఆ అబ్బూకి తెలిస్తే ఇంకేమన్నా ఉందా?,City lo college aa abbooki thelisthe inkemannaa undhaa?
461,"00:16:25,500","00:16:28,220",speaker_11,free seat వచ్చినప్పుడు కాదు మామూ వచ్చినప్పుడు అబ్బూకి చెప్పి ఒప్పిద్దాంలే,free seat vachhinappudu kaadhu maamoo vachhinappudu abbooki cheppi oppidhdhaamle
462,"00:16:39,799","00:16:41,000",speaker_10,ఇదిగో! నీ hall ticket,idhigo! nee hall ticket
463,"00:16:42,019","00:16:42,580",speaker_5,Thank you madam,Thank you madam
464,"00:16:42,779","00:16:43,299",speaker_10,All the best,All the best
465,"00:16:44,120","00:16:44,350",speaker_5,Thank you,Thank you
466,"00:16:44,419","00:16:44,769",speaker_10,సల్మాన్,salmaan
467,"00:16:45,159","00:16:46,389",speaker_10,"exam time, date చూస్కో","exam time, date choosko"
468,"00:16:46,940","00:16:48,700",speaker_10,late అవ్వకుండా తీసుకొని వెళ్ళే బాధ్యత నీదే.,late avvakundaa theesukoni velle baadhyatha needhe.
469,"00:16:49,649","00:16:50,530","speaker_10, speaker_9",ఠీకే ఆ,teeke aa
470,"00:16:50,580","00:16:52,200",speaker_9,phone number ఇస్తే follow up చేసుకుంటాను ma'am,phone number isthe follow up chesukuntaanu ma'am
471,"00:16:52,279","00:16:52,539",speaker_10,ఆ,aa
472,"00:16:53,779","00:16:53,879",speaker_9,ఆ,aa
473,"00:16:54,620","00:16:55,559",speaker_9,hall ticket ఏ మామూ hall,hall ticket ye maamoo hall
474,"00:16:56,019","00:16:56,120",speaker_9,ticket,ticket
475,"00:16:56,070","00:16:56,170",speaker_5,ఆ,aa
476,"00:16:56,070","00:16:56,420",speaker_9,ఎక్కడుందా?,yekkadundhaa?
477,"00:16:57,080","00:16:57,929",speaker_9,ఓ phone number,o phone number
478,"00:16:59,000","00:16:59,379",speaker_5,ఉంటా ma'am,untaa ma'am
479,"00:16:59,940","00:17:00,290",speaker_9,రా,raa
480,"00:17:02,139","00:17:02,629",speaker_9,రా. అబ్బూకి,raa. abbooki
481,"00:17:02,789","00:17:03,250",speaker_9,ఏంటి చెప్తావేంటో,yenti chepthaavento
482,"00:17:03,490","00:17:04,069",speaker_9,నన్ను యాదరిరిగిపోయాక,nannu yaadharirigipoyaaka
483,"00:17:04,500","00:17:05,299",speaker_10,నేను పోనా మామూ,nenu ponaa maamoo
484,"00:17:07,819","00:17:08,160",speaker_5,Okay daddy.,Okay daddy.
485,"00:17:14,579","00:17:14,890",speaker_5,ఉమ్,um
486,"00:17:15,660","00:17:16,720",speaker_5,ఇప్పుడు అర్థమైంది ఎదవ అని,ippudu arthamaindhi yedhava ani
487,"00:17:30,660","00:17:31,669",speaker_11,చల్ రే చలో,chal re chalo
488,"00:17:31,819","00:17:32,949",speaker_11,రా అరే మనల్ని,raa are manalni
489,"00:17:33,299","00:17:33,649",speaker_11,ఆపేదేవడ్రా,aapedhevadraa
490,"00:17:35,970","00:17:37,259",speaker_11,చెబితే వినేలా,chebithe vinelaa
491,"00:17:37,319","00:17:37,669",speaker_11,మనముంటామేంట్రా,manamuntaamentraa
492,"00:17:40,930","00:17:42,180",speaker_11,మనము తండ్రా,manamu thandraa
493,"00:17:42,930","00:17:43,859",speaker_11,గడ్డడి చేస్తే,gaddadi chesthe
494,"00:17:43,960","00:17:44,309",speaker_11,blunder,blunder
495,"00:17:44,539","00:17:44,779",speaker_11,రా,raa
496,"00:17:46,090","00:17:47,240",speaker_11,మనమేం చేస్తున్నా,manamem chesthunnaa
497,"00:17:47,440","00:17:47,789",speaker_11,ఫత్తంటారేంట్రా,phaththantaarentraa
498,"00:17:52,330","00:17:53,359",speaker_11,hello hello,hello hello
499,"00:17:54,680","00:17:55,029",speaker_11,జాగ్రత్తరూ,jaagraththaroo
500,"00:17:57,450","00:17:58,279",speaker_11,మేము మహా,memu mahaa
501,"00:17:58,339","00:17:58,689",speaker_11,జాదులోఅన్నా,jaadhuloannaa
502,"00:18:25,759","00:18:25,859",speaker_11,అన్నా!,annaa!
503,"00:18:26,809","00:18:27,659",speaker_11,అన్నా 401A,annaa 401A
504,"00:18:27,910","00:18:28,730",speaker_11,కి వెళ్ళింది మీరే కదా అన్నా?,ki vellindhi meere kadhaa annaa?
505,"00:18:29,390","00:18:30,069",speaker_2,"మనమే, ఏ?","maname, ye?"
506,"00:18:30,789","00:18:31,869",speaker_11,అడ్మిషన్ ఓకే అయిపోయిందా అన్నా?,admission okay ayipoyindhaa annaa?
507,"00:18:32,250","00:18:33,269",speaker_2,మనం వెళ్ళాక ఏమైతది తమ్ముడు,manam vellaaka yemaithadhi thammudu
508,"00:18:34,300","00:18:35,240","speaker_2, speaker_11",వచ్చేసినట్టే వచ్చేస్తది,vachhesinatte vachhesthadhi
509,"00:18:35,289","00:18:38,940",speaker_11,"కదా అన్నా, వస్తే చెప్పండి one plus one నేను ఎలాగో ఎక్కడే తిరుగుతూ","kadhaa annaa, vasthe cheppandi one plus one nenu yelaago yekkade thiruguthoo"
510,"00:18:38,990","00:18:39,309",speaker_11,ఉంటాను.,untaanu.
511,"00:18:42,100","00:18:43,589",speaker_11,ఒకడేమో అలాగా,okademo alaagaa
512,"00:18:44,380","00:18:45,130",speaker_11,పొరితో ప్యార్,poritho pyaar
513,"00:18:45,210","00:18:45,559",speaker_11,"కోసం,","kosam,"
514,"00:18:47,200","00:18:49,209",speaker_11,ఒకడేమో ఇలాగా,okademo ilaagaa
515,"00:18:49,279","00:18:49,959",speaker_11,"అన్ని తప్పించుకోవడం,","anni thappinchukovadam,"
516,"00:18:51,809","00:18:52,539",speaker_11,చూడు ఇంకొకడు,choodu inkokadu
517,"00:18:52,829","00:18:53,179",speaker_11,చూడు,choodu
518,"00:18:54,759","00:18:55,240",speaker_11,పుస్తకాలే గా,pusthakaale gaa
519,"00:18:55,289","00:18:55,639",speaker_11,"లోకం,","lokam,"
520,"00:18:56,849","00:18:58,000",speaker_11,వీళ్ళ తలో ప్రపంచం,veella thalo prapancham
521,"00:18:59,410","00:18:59,759",speaker_11,ఒకటైతే,okataithe
522,"00:19:00,150","00:19:00,500",speaker_11,విచిత్రం.,vichithram.
523,"00:19:03,080","00:19:04,349",speaker_11,కల్వి కుర్రోళ్ళం,kalvi kurrollam
524,"00:19:04,769","00:19:05,119",speaker_11,"తారాజువ్వలాంటోళ్ళం,","thaaraajuvvalaantollam,"
525,"00:19:08,220","00:19:09,329",speaker_11,మనకేం అండిందో,manakem andindho
526,"00:19:10,000","00:19:11,690",speaker_11,అంతా కల్లోలం.,anthaa kallolam.
527,"00:19:13,200","00:19:14,369",speaker_11,లోకల్ హీరోలం,local heerolam
528,"00:19:15,060","00:19:16,069",speaker_11,మనదో చోట,manadho chota
529,"00:19:16,150","00:19:16,500",speaker_11,"ప్రపంచం,","prapancham,"
530,"00:19:18,259","00:19:19,490",speaker_11,మనపై యుద్ధాలా,manapai yudhdhaalaa
531,"00:19:20,100","00:19:22,089",speaker_11,ఏంటి అన్యాయం.,yenti anyaayam.
532,"00:19:24,540","00:19:25,569",speaker_11,హలో హలో,hello hello
533,"00:19:26,869","00:19:27,219",speaker_11,జాగ్రత్తరూ,jaagraththaroo
534,"00:19:29,600","00:19:30,460",speaker_11,మేము రకం,memu rakam
535,"00:19:30,509","00:19:30,859",speaker_11,వండర్,wonder
536,"00:19:31,170","00:19:31,519",speaker_11,ల్యాండ్.,land.
537,"00:19:32,230","00:19:32,579",speaker_11,yeah,yeah
538,"00:19:34,730","00:19:34,950",speaker_11,yeah yeah yeah,yeah yeah yeah
539,"00:19:39,809","00:19:40,159",speaker_11,Ta-ra-ra-ta-ra-ra-ra-ra,Ta-ra-ra-ta-ra-ra-ra-ra
540,"00:19:56,789","00:19:58,439",speaker_11,డాడీ ఈవినింగ్ మీరు వస్తారని వచ్చేయాలా?,daddy eevining meeru vasthaarani vachheyaalaa?
541,"00:19:59,029","00:20:00,210",speaker_2,సరే సరే సరే నువ్వెళ్ళు వెళ్ళు.,sare sare sare nuvvellu vellu.
542,"00:20:03,589","00:20:03,849",speaker_2,ఓకే bye,okay bye
543,"00:20:27,759","00:20:27,910",speaker_11,డీ,dee
544,"00:20:29,630","00:20:30,809",speaker_11,లోపల wash rooms బాగోవు.,lopala wash rooms baagovu.
545,"00:20:31,230","00:20:32,379",speaker_11,ఆ అందుకే ఇక్కడ వచ్చా.,aa andhuke ikkada vachhaa.
546,"00:20:39,599","00:20:39,949",speaker_11,ఆహ్!,aah!
547,"00:20:42,450","00:20:43,769",speaker_11,టైం కూర్చు కూడా రావట్లేదేంటి రా,taim koorchu koodaa raavatledhenti raa
548,"00:20:48,150","00:20:49,230",speaker_11,లోపల మళ్ళీ వెళ్ళిపోవచ్చు డాడీ.,lopala mallee vellipovachhu daddy.
549,"00:20:49,670","00:20:49,769",speaker_11,ఆ,aa
550,"00:20:50,750","00:20:51,099",speaker_11,ఎక్కిస్తారు.,yekkisthaaru.
551,"00:21:05,250","00:21:05,599",speaker_11,వాహ్!,vaah!
552,"00:21:11,529","00:21:12,359",speaker_11,ఒక్క ఆటో కూడా రావట్లేదేంటి.,okka auto koodaa raavatledhenti.
553,"00:21:20,269","00:21:20,990",speaker_11,ఆటో వచ్చింది.,auto vachhindhi.
554,"00:21:24,599","00:21:24,849",speaker_11,అన్నా!,annaa!
555,"00:21:25,789","00:21:26,150",speaker_11,అన్న అన్నా!,anna annaa!
556,"00:21:27,670","00:21:28,329",speaker_11,అన్న నా అన్నా అన్న.,anna naa annaa anna.
557,"00:21:29,470","00:21:30,279",speaker_11,అన్నా Ram varappaduringదా,annaa Ram varappaduringdhaa
558,"00:21:30,480","00:21:30,609",speaker_11,అన్నా?,annaa?
559,"00:21:31,730","00:21:31,910",speaker_11,ఆ.,aa.
560,"00:21:46,789","00:21:47,309",speaker_11,ఒరే నువ్వ,ore nuvva
561,"00:21:47,569","00:21:48,719",speaker_12,ఏంటి తమ్ముడు tension పడుతున్నావ్,yenti thammudu tension paduthunnaav
562,"00:21:49,109","00:21:49,739",speaker_12,results కోసమా?,results kosamaa?
563,"00:21:50,410","00:21:51,179",speaker_11,ఇంకా result ఏంటన్నా,inkaa result yentannaa
564,"00:21:51,630","00:21:52,509",speaker_11,last month ఏ వచ్చాయి కదా,last month ye vachhaayi kadhaa
565,"00:21:53,009","00:21:54,039",speaker_12,ఓ tenth అయిందా?,o tenth ayindhaa?
566,"00:21:54,609","00:21:54,829",speaker_11,ఉ,u
567,"00:21:55,049","00:21:56,419",speaker_12,ఏ entry college join అవుతున్నావ్ మరి?,ye entry college join avuthunnaav mari?
568,"00:21:57,069","00:21:58,430",speaker_11,అది తెలికే కదా నా tension పడింది.,adhi thelike kadhaa naa tension padindhi.
569,"00:21:58,609","00:21:58,840",speaker_12,ఊ,oo
570,"00:21:58,890","00:21:59,819",speaker_13,tension ఎందుకు తమ్ముడు?,tension yendhuku thammudu?
571,"00:22:01,250","00:22:03,639",speaker_13,ఏ college అయినా IIT campus మీద join అవ్వు.,ye college ayinaa IIT campus meedha join avvu.
572,"00:22:06,000","00:22:06,769",speaker_13,"అప్పుడే EAMCET,","appude EAMCET,"
573,"00:22:06,829","00:22:08,160",speaker_13,BITSAT ఇవన్నీ easy అవుతాయి.,BITSAT ivannee easy avuthaayi.
574,"00:22:08,869","00:22:09,719",speaker_13,IIT లో చదువుకుంటే,IIT lo chadhuvukunte
575,"00:22:10,069","00:22:10,939",speaker_13,తర్వాత ఏదైనా,tharvaatha yedhainaa
576,"00:22:11,069","00:22:11,419",speaker_13,అవ్వచ్చు.,avvachhu.
577,"00:22:14,560","00:22:15,400",speaker_13,నేనైతే UPSC,nenaithe UPSC
578,"00:22:15,450","00:22:16,099",speaker_13,crack చేసి,crack chesi
579,"00:22:16,230","00:22:17,349",speaker_13,IAS officer అవుతా,IAS officer avuthaa
580,"00:22:19,109","00:22:20,269",speaker_11,భలే plan super అక్క.,bhale plan super akka.
581,"00:22:21,109","00:22:22,430",speaker_11,అక్క planning మామూలుగా లేదు కదా,akka planning maamoolugaa ledhu kadhaa
582,"00:22:23,630","00:22:24,230",speaker_11,super అసలు.,super asalu.
583,"00:22:25,529","00:22:26,509",speaker_11,ఉ ఏంటండీ ఎక్కువ ఫీలవుతున్నాడు.,u yentandee yekkuva pheelavuthunnaadu.
584,"00:22:27,690","00:22:28,549",speaker_11,వీడికి అంత scene లేదులే.,veediki antha scene ledhule.
585,"00:22:34,829","00:22:35,509",speaker_13,Bye రా కన్నా,Bye raa kannaa
586,"00:22:36,289","00:22:36,849",speaker_13,నేను వెళ్తా.,nenu velthaa.
587,"00:22:37,308","00:22:38,740",speaker_11,ఇంకొంచెం సేపు ఉండొచ్చు కదా బుజ్జి,inkonchem sepu undochhu kadhaa bujji
588,"00:22:39,569","00:22:40,079",speaker_13,ఏం చేస్తానురా,yem chesthaanuraa
589,"00:22:40,789","00:22:42,000",speaker_13,పెళ్లి అయ్యేంతవరకు తప్పదు,pelli ayyenthavaraku thappadhu
590,"00:22:43,890","00:22:44,269",speaker_11,పెళ్లియా!,pelliyaa!
591,"00:22:46,390","00:22:46,490",speaker_11,ఆ,aa
592,"00:22:48,430","00:22:49,470",speaker_13,తమ్ముడికి late అవుతుంది.,thammudiki late avuthundhi.
593,"00:22:50,029","00:22:50,829",speaker_13,మీరు start అవ్వండి.,meeru start avvandi.
594,"00:22:51,089","00:22:51,410",speaker_11,తమ్ముడా!,thammudaa!
595,"00:22:52,589","00:22:53,349",speaker_13,lunch చేసావ్ కదా?,lunch chesaav kadhaa?
596,"00:22:53,750","00:22:54,490",speaker_11,చేసాను బుజ్జి,chesaanu bujji
597,"00:22:54,970","00:22:55,970",speaker_13,snacks కూడా తిను,snacks koodaa thinu
598,"00:22:56,230","00:22:56,329",speaker_11,ఆ,aa
599,"00:22:56,390","00:22:56,740",speaker_13,గుర్తుందిగా,gurthundhigaa
600,"00:22:58,089","00:22:59,299",speaker_13,ఏదైనా మన అజిత్ కోసమే,yedhainaa mana ajith kosame
601,"00:23:01,589","00:23:02,429",speaker_11,అజిత్ గా! గుర్తుంది.,ajith gaa! gurthundhi.
602,"00:23:12,910","00:23:13,819",speaker_11,బు ఆ. ఉమ్. అన్నా అక్క,bu aa. um. annaa akka
603,"00:23:14,190","00:23:14,589",speaker_11,వదినా?,vadhinaa?
604,"00:23:15,430","00:23:15,630",speaker_12,ఆ,aa
605,"00:23:16,369","00:23:16,980",speaker_12,అవును తమ్ముడు,avunu thammudu
606,"00:23:17,650","00:23:18,150",speaker_11,మరి అజిత్,mari ajith
607,"00:23:19,369","00:23:20,329",speaker_12,మాకు పుట్టబోయే బాబు,maaku puttaboye baabu
608,"00:23:20,930","00:23:21,250",speaker_12,అజయ్,ajay
609,"00:23:21,849","00:23:22,369",speaker_12,plus అనిత,plus anitha
610,"00:23:23,130","00:23:23,529",speaker_12,అజిత్.,ajith.
611,"00:23:24,470","00:23:24,569",speaker_12,ఆ,aa
612,"00:23:24,500","00:23:25,250",speaker_11,ఓహో అన్నా,oho annaa
613,"00:23:26,690","00:23:27,569",speaker_11,నాకో చిన్న doubt అన్నా,naako chinna doubt annaa
614,"00:23:27,769","00:23:27,869",speaker_12,ఆ,aa
615,"00:23:28,470","00:23:28,769",speaker_12,ఏంటి?,yenti?
616,"00:23:29,430","00:23:30,019",speaker_11,ఆటో వేస్తూ,auto vesthoo
617,"00:23:30,349","00:23:30,699",speaker_11,ఇంటరామ్మాయిలను,intaraammaayilanu
618,"00:23:30,869","00:23:31,369",speaker_11,పడగొట్టావ్ అన్నా?,padagottaav annaa?
619,"00:23:31,529","00:23:31,879",speaker_12,ఊ,oo
620,"00:23:32,210","00:23:33,940",speaker_12,ఆటో వేస్తున్నాను కాబట్టి ఇంటరామ్మాయిని పడగొట్టాను.,auto vesthunnaanu kaabatti intaraammaayini padagottaanu.
621,"00:23:34,970","00:23:35,589",speaker_12,నీది ఏ కులం రా?,needhi ye kulam raa?
622,"00:23:36,490","00:23:36,930",speaker_11,మాది అన్న?,maadhi anna?
623,"00:23:37,509","00:23:37,890",speaker_11,మాది,maadhi
624,"00:23:38,369","00:23:38,929",speaker_11,అదే అన్న,adhe anna
625,"00:23:39,329","00:23:39,650",speaker_11,అదే,adhe
626,"00:23:40,910","00:23:41,890",speaker_12,మాది ఏ కులమో తెలుసా?,maadhi ye kulamo thelusaa?
627,"00:23:42,190","00:23:42,430",speaker_11,ఊ,oo
628,"00:23:44,970","00:23:45,319",speaker_12,ప్రేమికుల,premikula
629,"00:23:48,470","00:23:49,349",speaker_11,అన్నా నువ్వు అక్కడ ఆపు అన్నా,annaa nuvvu akkada aapu annaa
630,"00:23:50,630","00:23:50,880",speaker_12,ఏమైంది?,yemaindhi?
631,"00:23:50,930","00:23:51,490",speaker_11,అంతేమీ లేదు ఆపు అన్నా,anthemee ledhu aapu annaa
632,"00:23:51,930","00:23:52,740",speaker_12,నేను కూడా అటు వెళ్తున్నా,nenu koodaa atu velthunnaa
633,"00:23:52,900","00:23:53,000",speaker_11,వద్దు అన్నా,vadhdhu annaa
634,"00:23:53,309","00:23:53,409",speaker_12,అర్థం కాదు,artham kaadhu
635,"00:23:53,369","00:23:55,220",speaker_11,ఈ ఒక్క మాటతో లేచి రెండు చేతులు పైకి పెట్టుకొని వెళ్లిపోతా,ee okka maatatho lechi rendu chethulu paiki pettukoni vellipothaa
636,"00:23:55,269","00:23:55,639",speaker_12,నేను దింపేస్తానుగా,nenu dhimpesthaanugaa
637,"00:23:55,849","00:23:57,230",speaker_11,నువ్వు వద్దు నీ కులం వద్దు అక్కడ ఆపు. ఆపు ఆపు ఆపు,nuvvu vadhdhu nee kulam vadhdhu akkada aapu. aapu aapu aapu
638,"00:23:57,279","00:23:58,049",speaker_12,సరే సరే ఆగు ఆగు,sare sare aagu aagu
639,"00:23:58,569","00:23:58,769",speaker_11,ఊ,oo
640,"00:24:00,089","00:24:01,470",speaker_11,నీకు ఆ అమ్మాయి పడడంలో తప్పే లేదన్నా,neeku aa ammaayi padadamlo thappe ledhannaa
641,"00:24:02,809","00:24:03,609",speaker_11,super ఆ,super aa
642,"00:24:13,800","00:24:14,609",speaker_2,ఎరా admission,era admission
643,"00:24:14,670","00:24:15,609",speaker_2,ఏమైనా close అయినాయా ఇవ్వాళ,yemainaa close ayinaayaa ivvaala
644,"00:24:15,849","00:24:16,930",speaker_11,ఐదు దాకా చేసి ఉంటారు అన్నా,aidhu dhaakaa chesi untaaru annaa
645,"00:24:17,029","00:24:17,379",speaker_2,ఐదు,aidhu
646,"00:24:17,670","00:24:18,069",speaker_2,ఊ,oo
647,"00:24:22,048","00:24:22,668",speaker_2,టమాటాఏ తమ్ముడు,tamaataaey thammudu
648,"00:24:22,718","00:24:23,407",speaker_2,అరేయ్ టమాటా,arey tamaataa
649,"00:24:23,798","00:24:24,218",speaker_2,అర్జున్,arjun
650,"00:24:24,678","00:24:25,028",speaker_14,ఉమ్,um
651,"00:24:25,958","00:24:26,198",speaker_14,అన్న,anna
652,"00:24:27,178","00:24:29,228",speaker_2,ఏంట్రా ఏమైపోయావ్ రా రెండు రోజుల నుంచి వెతుకుతున్నా నీ కోసం,yentraa yemaipoyaav raa rendu rojula nunchi vethukuthunnaa nee kosam
653,"00:24:29,278","00:24:30,448",speaker_14,అన్న నేను ఇక్కడే తిరుగుతున్నా అన్న,anna nenu ikkade thiruguthunnaa anna
654,"00:24:31,557","00:24:31,917",speaker_2,ఇదిగో,idhigo
655,"00:24:32,048","00:24:32,147",speaker_14,ఆ,aa
656,"00:24:32,998","00:24:33,567",speaker_2,ఎలా ఇచ్చాం,yelaa ichhaam
657,"00:24:34,798","00:24:34,897",speaker_14,చేసావ్,chesaav
658,"00:24:34,907","00:24:36,227",speaker_2,చెప్పాను కదా నీకు ముందే మనదేనని,cheppaanu kadhaa neeku mundhe manadhenani
659,"00:24:36,528","00:24:36,938",speaker_14,అవునన్నా,avunannaa
660,"00:24:37,018","00:24:37,367",speaker_2,అది,adhi
661,"00:24:37,678","00:24:38,028",speaker_14,సూపర్,super
662,"00:24:38,498","00:24:38,698",speaker_14,ఇది,idhi
663,"00:24:40,097","00:24:40,197",speaker_14,ఆ,aa
664,"00:24:40,137","00:24:41,217",speaker_2,Fast track batch రా అది,Fast track batch raa adhi
665,"00:24:41,637","00:24:41,987",speaker_2,ఆ,aa
666,"00:24:42,137","00:24:43,907",speaker_2,చాలా fast గా ఉండాలి ఇలా ఉంటే కష్టం,chaalaa fast gaa undaali ilaa unte kashtam
667,"00:24:44,417","00:24:44,767",speaker_14,ఆ,aa
668,"00:24:44,958","00:24:45,198",speaker_14,ఏడి ఈడు,yedi eedu
669,"00:24:46,178","00:24:47,177",speaker_14,రేయ్ నా bike ఎక్కావేంట్రా,rey naa bike yekkaaventraa
670,"00:24:47,337","00:24:48,678",speaker_2,నువ్వే కదన్న fast ఉండాలన్న,nuvve kadhanna fast undaalanna
671,"00:24:48,738","00:24:48,928",speaker_14,అయితే,ayithe
672,"00:24:49,448","00:24:50,567",speaker_14,Daddy వచ్చేసుంటారు,Daddy vachhesuntaaru
673,"00:24:50,617","00:24:51,908",speaker_14,office నుండి బండి ఎక్కనివ్వండి,office nundi bandi yekkanivvandi
674,"00:24:51,958","00:24:54,107",speaker_2,వెళ్ళిరా బాబు మరీ fast and furious లా ఉన్నావ్ పోదాం,velliraa baabu maree fast and furious laa unnaav podhaam
675,"00:24:54,978","00:24:55,298",speaker_2,Mummy,Mummy
676,"00:24:55,817","00:24:55,998",speaker_14,ఆ,aa
677,"00:24:56,057","00:24:56,377",speaker_2,Mummy,Mummy
678,"00:24:57,617","00:24:58,258",speaker_2,ఇది చూడు Mummy,idhi choodu Mummy
679,"00:25:00,337","00:25:00,577",speaker_2,Mummy,Mummy
680,"00:25:02,397","00:25:03,117",speaker_14,ఏంట్రా ఇవన్నీ,yentraa ivannee
681,"00:25:03,978","00:25:06,357",speaker_2,చిన్నప్పటి నుంచి Daddy కి కోపం తిడతాడు కొడతాడు,chinnappati nunchi Daddy ki kopam thidathaadu kodathaadu
682,"00:25:07,038","00:25:07,907",speaker_2,అని చెప్పి నాలో,ani cheppi naalo
683,"00:25:08,117","00:25:08,857",speaker_2,negativity పెంచేసావ్,negativity penchesaav
684,"00:25:09,458","00:25:09,678",speaker_2,కానీ,kaanee
685,"00:25:10,238","00:25:11,278",speaker_2,Daddy చాలా మంచోరు Mummy,Daddy chaalaa manchoru Mummy
686,"00:25:11,597","00:25:11,847",speaker_14,ఆ,aa
687,"00:25:11,897","00:25:12,238",speaker_2,మంచోరు,manchoru
688,"00:25:14,958","00:25:16,347",speaker_14,మటనో prawns prawns,matano prawns prawns
689,"00:25:16,617","00:25:19,298",speaker_14,పలావ్ mutton గ్రీవీ curry చెయ్ వాడికి చాలా ఇష్టం,palaav mutton greevee curry chey vaadiki chaalaa ishtam
690,"00:25:21,678","00:25:22,577",speaker_2,Proud of you my dad,Proud of you my dad
691,"00:25:23,518","00:25:24,397",speaker_14,అసలు ఏం జరిగింది రా,asalu yem jarigindhi raa
692,"00:25:24,857","00:25:25,967",speaker_2,ఈరోజు college కూడా దూకుతూ,eeroju college koodaa dhookuthoo
693,"00:25:26,518","00:25:27,126",speaker_2,Daddy ని దొరికిపోయాను,Daddy ni dhorikipoyaanu
694,"00:25:27,176","00:25:27,526",speaker_14,ఆ,aa
695,"00:25:28,688","00:25:29,667",speaker_2,ఆ ఆ ఏంటి ఆ ఏంటి,aa aa yenti aa yenti
696,"00:25:29,857","00:25:31,067",speaker_2,ఈ negativity పెంచొద్దని చెప్పేది,ee negativity penchodhdhani cheppedhi
697,"00:25:31,557","00:25:34,028",speaker_2,అయినా నన్ను Daddy స్లేయమ్మలేదు తెలుసా పైగా shopping తీసుకెళ్లి,ayinaa nannu Daddy sleyammaledhu thelusaa paigaa shopping theesukelli
698,"00:25:34,557","00:25:35,548",speaker_2,no అనే పదం ఏ తెలియనట్టుగా,no ane padham ye theliyanattugaa
699,"00:25:35,897","00:25:36,657",speaker_2,నచ్చింది కొనిచ్చారు,nachhindhi konichhaaru
700,"00:25:37,538","00:25:38,038",speaker_2,great Daddy,great Daddy
701,"00:25:38,758","00:25:39,548",speaker_2,వీళ్ళ size లు చూసుకోవాలి,veella size lu choosukovaali
702,"00:25:40,018","00:25:42,627",speaker_2,ఇదే flow లో బండి కూడా కొని ఉంటే Daddy's greatest stickering వేసుకునేవాడిని,idhe flow lo bandi koodaa koni unte Daddy's greatest stickering vesukunevaadini
703,"00:25:42,827","00:25:43,077",speaker_14,ఓయ్ ఏ,oy ye
704,"00:25:54,597","00:25:55,747",speaker_2,The all India rankers,The all India rankers
705,"00:25:55,998","00:25:57,048",speaker_2,past and present,past and present
706,"00:25:57,458","00:25:58,688",speaker_2,the way to success,the way to success
707,"00:25:58,738","00:25:59,478",speaker_14,అది Sir మన college,adhi Sir mana college
708,"00:25:59,958","00:26:04,028",speaker_14,మన college లో neo leo park fast track ఇలా batches ఉన్నాయి మీరు,mana college lo neo leo park fast track ilaa batches unnaayi meeru
709,"00:26:04,077","00:26:06,018",speaker_14,ఏ batch decide అయితే మన seat confirm చేసాం,ye batch decide ayithe mana seat confirm chesaam
710,"00:26:06,067","00:26:06,367",speaker_2,అన్న,anna
711,"00:26:06,938","00:26:08,147",speaker_2,ఏ batch ఏ మనం already మాట్లాడేసుకున్నాం,ye batch ye manam already maatlaadesukunnaam
712,"00:26:08,337","00:26:08,518",speaker_2,కదా,kadhaa
713,"00:26:08,857","00:26:09,207",speaker_14,మాట్లాడేసుకున్నామా,maatlaadesukunnaamaa
714,"00:26:09,978","00:26:10,298",speaker_14,ఎప్పుడు,yeppudu
715,"00:26:10,458","00:26:11,827",speaker_2,అదే అన్న four zero one A,adhe anna four zero one A
716,"00:26:13,798","00:26:14,157",speaker_14,ఆ మాట్లాడేసుకున్నాం,aa maatlaadesukunnaam
717,"00:26:14,557","00:26:15,077",speaker_14,one second Sir,one second Sir
718,"00:26:16,157","00:26:20,298",speaker_14,leo కాదు master కాదు B2 కాదు fast track batch Sir మన college మొత్తంలో,leo kaadhu master kaadhu B2 kaadhu fast track batch Sir mana college moththamlo
719,"00:26:20,377","00:26:21,077",speaker_14,అదే top batch,adhe top batch
720,"00:26:21,817","00:26:22,647",speaker_2,ఆ అంటే,aa ante
721,"00:26:23,117","00:26:24,337",speaker_2,fees అది ఎంత ఉంటుందో,fees adhi yentha untundho
722,"00:26:24,817","00:26:27,097",speaker_14,college fees లక్ష రూపాయలు hostel fees ఎనభై వేలు,college fees laksha roopaayalu hostel fees yenabhai velu
723,"00:26:27,238","00:26:27,587",speaker_2,ఆ,aa
724,"00:26:27,857","00:26:28,207",speaker_2,అంటే,ante
725,"00:26:28,978","00:26:29,327",speaker_2,ఆ,aa
726,"00:26:29,738","00:26:30,507",speaker_2,hostel దేనికి,hostel dheniki
727,"00:26:30,958","00:26:32,277",speaker_2,up and down చేస్తాడు ఏరా,up and down chesthaadu yeraa
728,"00:26:32,857","00:26:33,377",speaker_14,అంటే Daddy,ante Daddy
729,"00:26:34,377","00:26:34,968",speaker_14,అలా కుదరదు Sir,alaa kudharadhu Sir
730,"00:26:35,577","00:26:38,708",speaker_14,గొడవల్లి campus లో మాత్రమే fast track batch ఉంది అదే Sir మన airport,godavalli campus lo maathrame fast track batch undhi adhe Sir mana airport
731,"00:26:38,758","00:26:38,938",speaker_14,దగ్గర,dhaggara
732,"00:26:39,817","00:26:40,728",speaker_14,fast track batch కదా Sir,fast track batch kadhaa Sir
733,"00:26:41,438","00:26:42,048",speaker_14,local అయినా,local ayinaa
734,"00:26:42,258","00:26:42,927",speaker_14,hostel ఉండాల్సిందే,hostel undaalsindhe
735,"00:26:45,018","00:26:46,518",speaker_14,పైన college కింద hostel,paina college kindha hostel
736,"00:26:47,337","00:26:48,788",speaker_14,అడుగుదూరంలో IIT పెట్టుకొని మీరు ఆలోచిస్తారేంటి,adugudhooramlo IIT pettukoni meeru aalochisthaarenti
737,"00:26:48,978","00:26:49,718",speaker_14,Sir ఏ అర్జున్,Sir ye arjun
738,"00:26:49,798","00:26:49,897",speaker_2,ఆ,aa
739,"00:26:49,938","00:26:50,298",speaker_14,మేం మాట్లాడుకున్నాం,mem maatlaadukunnaam
740,"00:26:50,548","00:26:50,647",speaker_14,కదా,kadhaa
741,"00:26:50,998","00:26:51,377",speaker_2,ఉమ్ Daddy,um Daddy
742,"00:26:52,018","00:26:53,067",speaker_2,నేను IIT crack చేయాలంటే,nenu IIT crack cheyaalante
743,"00:26:53,417","00:26:54,467",speaker_2,కచ్చితంగా hostel లో ఉండాలి,kachhithangaa hostel lo undaali
744,"00:26:54,958","00:26:55,218",speaker_14,ఆ,aa
745,"00:26:58,368","00:26:59,028",speaker_14,కొంచెం fees,konchem fees
746,"00:26:59,077","00:26:59,727",speaker_14,ఏమైనా తగ్గుతుందేమో,yemainaa thagguthundhemo
747,"00:27:00,238","00:27:00,657",speaker_14,ఒకవేళ,okavela
748,"00:27:00,817","00:27:01,367",speaker_2,fees తగ్గితే,fees thaggithe
749,"00:27:01,538","00:27:02,867",speaker_2,IIT లో rank తగ్గిపోతుంది కదా Sir,IIT lo rank thaggipothundhi kadhaa Sir
750,"00:27:03,417","00:27:04,748",speaker_2,మొత్తం amount ఇప్పుడేం కట్టాల్సిన అవసరం లేదు Sir,moththam amount ippudem kattaalsina avasaram ledhu Sir
751,"00:27:05,218","00:27:06,567",speaker_2,ముందు ఒక ఐదు వేలు token amount కట్టండి,mundhu oka aidhu velu token amount kattandi
752,"00:27:06,798","00:27:07,738",speaker_2,మిగతా సంగతి తర్వాత చూద్దాం,migathaa sangathi tharvaatha choodhdhaam
753,"00:27:13,917","00:27:14,498",speaker_14,ఒక్క నిమిషం,okka nimisham
754,"00:27:14,817","00:27:15,157",speaker_2,sure Sir,sure Sir
755,"00:27:16,657","00:27:17,458",speaker_2,అర్జున్ మీ ఇంటి పేరు,arjun mee inti peru
756,"00:27:18,018","00:27:18,377",speaker_2,Daddy,Daddy
757,"00:27:19,557","00:27:19,837",speaker_14,రారా,raaraa
758,"00:27:20,278","00:27:21,198",speaker_2,సూపర్ మాట్లాడావ్ అన్న,super maatlaadaav anna
759,"00:27:22,077","00:27:22,357",speaker_2,thank you,thank you
760,"00:27:23,348","00:27:24,028",speaker_14,పిల్లలురా మీరు,pillaluraa meeru
761,"00:27:29,567","00:27:30,148",speaker_15,ఏంటండీ join,yentandee join
762,"00:27:30,198","00:27:30,548",speaker_15,చేసేస్తున్నారా?,chesesthunnaaraa?
763,"00:27:31,377","00:27:32,807",speaker_15,వాడేదో అడిగాడని సరే అనేస్తున్నారు,vaadedho adigaadani sare anesthunnaaru
764,"00:27:33,337","00:27:35,347",speaker_15,రెండు లక్షలు పెట్టి ఇంటర్ చదివే స్తోమత మనకుందా,rendu lakshalu petti inter chadhive sthomatha manakundhaa
765,"00:27:36,478","00:27:36,827",speaker_14,పోనీలేవే,poneeleve
766,"00:27:37,637","00:27:38,607",speaker_14,వాడేం మిగిలిన పిల్లల్లాగా,vaadem migilina pillallaagaa
767,"00:27:39,377","00:27:41,647",speaker_14,పదో class pass అయిన తర్వాత friends తో tour కెళ్తాననో,padho class pass ayina tharvaatha friends tho tour kelthaanano
768,"00:27:42,157","00:27:42,907",speaker_14,లేదంటే motorbike,ledhante motorbike
769,"00:27:43,057","00:27:43,788",speaker_14,కొనిస్తే తప్ప,konisthe thappa
770,"00:27:44,077","00:27:47,187",speaker_14,college కెళ్తాననో మారాం చేయట్లేదు కదా ఓ మంచి college లో చేర్పిస్తే,college kelthaanano maaraam cheyatledhu kadhaa o manchi college lo cherpisthe
771,"00:27:47,518","00:27:47,867",speaker_14,చదువుకుంటా,chadhuvukuntaa
772,"00:27:48,038","00:27:50,407",speaker_14,అంటున్నాడు అంతే కదా fees కోసం ఆలోచిస్తాం చెప్పు,antunnaadu anthe kadhaa fees kosam aalochisthaam cheppu
773,"00:27:50,678","00:27:51,528",speaker_15,కాదండీ అని లేదండీ,kaadhandee ani ledhandee
774,"00:27:51,998","00:27:53,238",speaker_15,వెనక పాప కూడా ఉంది కదా,venaka papa koodaa undhi kadhaa
775,"00:27:53,877","00:27:54,507",speaker_14,నాకు తెలుసే,naaku theluse
776,"00:27:55,377","00:27:57,028",speaker_14,ఈ రోజుల్లో చదువులంటే మాటలా చెప్పు,ee rojullo chadhuvulante maatalaa cheppu
777,"00:27:57,518","00:27:58,467",speaker_14,అయినా నువ్ ఇవన్నీ పట్టించుకోకు,ayinaa nuv ivannee pattinchukoku
778,"00:27:58,998","00:27:59,827",speaker_14,నేను చూసుకుంటా కదా,nenu choosukuntaa kadhaa
779,"00:28:00,018","00:28:01,107",speaker_14,కంగారు పడకు okay,kangaroo padaku okay
780,"00:28:11,218","00:28:12,587",speaker_14,మేడం landline phone connect అవ్వట్లేదురా,madame landline phone connect avvatledhuraa
781,"00:28:13,498","00:28:15,458",speaker_2,మేడం results check చేసి చెప్తా అన్నారు కదమ్మామో,madame results check chesi chepthaa annaaru kadhammaamo
782,"00:28:16,377","00:28:17,097",speaker_2,క్యా హువా మామో,kyaa huvaa maamo
783,"00:28:18,188","00:28:18,788",speaker_14,అందుకే మేడం,andhuke madame
784,"00:28:18,837","00:28:19,967",speaker_14,phone number తీసుకుంటా అంది,phone number theesukuntaa andhi
785,"00:28:21,057","00:28:23,097",speaker_2,బా మామో ముందు results గురించి చూడు మామో,baa maamo mundhu results gurinchi choodu maamo
786,"00:28:27,278","00:28:28,258",speaker_14,చలో school దగ్గరికి వెళ్దాం,chalo school dhaggariki veldhaam
787,"00:28:28,678","00:28:29,657",speaker_14,అబ్ క్యా results హై బేటా,ab kyaa results hai betaa
788,"00:28:30,978","00:28:32,327",speaker_14,అప్పుడే tenth results వచ్చాయి కదా,appude tenth results vachhaayi kadhaa
789,"00:28:32,488","00:28:33,157",speaker_2,అంటే అబ్బో,ante abbo
790,"00:28:33,218","00:28:33,397",speaker_14,అంటే,ante
791,"00:28:34,258","00:28:34,897",speaker_14,భాయ్జాన్ అది,bhaayjaan adhi
792,"00:28:35,557","00:28:36,597",speaker_14,ఇది వేరే exam లే భాయ్జాన్,idhi vere exam le bhaayjaan
793,"00:28:37,057","00:28:37,577",speaker_2,వేరే exam,vere exam
794,"00:28:38,077","00:28:38,718",speaker_2,ఆ ఓ క్యా హోతా హై,aa o kyaa hothaa hai
795,"00:28:39,298","00:28:40,817",speaker_14,అంటే భాయ్జాన్ అది అంటే,ante bhaayjaan adhi ante
796,"00:28:41,596","00:28:41,877",speaker_14,తుమ్ టైర్,thum tyre
797,"00:28:43,328","00:28:43,867",speaker_14,ఇమ్రాన్ అసలు,imraan asalu
798,"00:28:43,917","00:28:44,577",speaker_14,ఏంటి సంగతి చెప్పు,yenti sangathi cheppu
799,"00:28:46,597","00:28:49,347",speaker_2,అంటే అబ్బో అది IIT college entrance exam రాద్దామని,ante abbo adhi IIT college entrance exam raadhdhaamani
800,"00:28:49,938","00:28:51,667",speaker_14,ఐసా నాక్కో కరో బోల్కే మై కిత్నే బార్ బోలా,aisaa naakko karo bolke mai kithne bar bolaa
801,"00:28:52,357","00:28:53,757",speaker_14,మీ ఇద్దరూ కలిసి నాటకాలు ఆడుతున్నారా,mee idhdharoo kalisi naatakaalu aaduthunnaaraa
802,"00:28:54,367","00:28:54,627",speaker_14,ఇమ్రాన్,imraan
803,"00:28:55,117","00:28:56,508",speaker_14,నువ్వు బయటికెళ్లి మేడం call చేయమని try చెయ్,nuvvu bayatikelli madame call cheyamani try chey
804,"00:28:58,938","00:28:59,198",speaker_14,అరే,are
805,"00:28:59,637","00:29:01,887",speaker_14,city college వద్దని మీ ఇద్దరికీ ఎన్నిసార్లు చెప్పినా అర్ధం కావట్లేదా,city college vadhdhani mee idhdharikee yennisaarlu cheppinaa ardham kaavatledhaa
806,"00:29:02,417","00:29:02,987",speaker_2,వాడు చదవాలనుకుంటున్నాడు,vaadu chadhavaalanukuntunnaadu
807,"00:29:03,438","00:29:03,837",speaker_2,భాయ్జాన్,bhaayjaan
808,"00:29:04,377","00:29:06,147",speaker_14,ఏం అవసరం లేదు ఇక్కడే ఉండి ఏదో ఒకటి చేసుకోమను,yem avasaram ledhu ikkade undi yedho okati chesukomanu
809,"00:29:06,678","00:29:08,087",speaker_2,ఎందుకు భాయ్జాన్ అంత ముండిగా మాట్లాడుతున్నావ్,yendhuku bhaayjaan antha mundigaa maatlaaduthunnaav
810,"00:29:08,958","00:29:09,347",speaker_2,ఏక్ బార్,ache bar
811,"00:29:10,278","00:29:11,887",speaker_2,సిర్ఫ్ ఏక్ బార్ ఉస్కే బారే మే సోచో భాయ్జాన్,sirph ache bar uske baare me socho bhaayjaan
812,"00:29:14,917","00:29:15,377",speaker_2,ఏక్ బార్,ache bar
813,"00:29:18,357","00:29:19,667",speaker_14,నేను ముండిగా మాట్లాడటం కాదు,nenu mundigaa maatlaadatam kaadhu
814,"00:29:19,958","00:29:23,567",speaker_14,తుమ్ హీ ఏక్ బార్ సోచో వాడు పుట్టింది ఇక్కడే పెరిగింది ఇక్కడే ఇంతవరకు,thum hee ache bar socho vaadu puttindhi ikkade perigindhi ikkade inthavaraku
815,"00:29:23,617","00:29:24,847",speaker_14,city మొహం చూసిందే లేదు,city moham choosindhe ledhu
816,"00:29:25,167","00:29:27,347",speaker_14,ఇప్పుడు అక్కడేమో city లో ఉన్న college లో చేరుతా అంటున్నాడు,ippudu akkademo city lo unna college lo cheruthaa antunnaadu
817,"00:29:27,938","00:29:28,827",speaker_14,వాడు ఒక్కడే ఉండాలిరా,vaadu okkade undaaliraa
818,"00:29:29,097","00:29:30,587",speaker_14,మనం ఎవ్వరం కూడా వాడికి తోడుగా ఉండం,manam yevvaram koodaa vaadiki thodugaa undam
819,"00:29:30,817","00:29:31,367",speaker_14,వాడు తట్టుకోలేడురా,vaadu thattukoleduraa
820,"00:29:32,298","00:29:33,528",speaker_14,ఒక్కసారి నా మాట అర్ధం చేసుకో,okkasaari naa maata ardham chesuko
821,"00:29:34,498","00:29:34,847",speaker_2,భాయ్జాన్,bhaayjaan
822,"00:29:35,377","00:29:36,467",speaker_2,ఎంతకాలం వాడిని ఇక్కడ ఉంచగలం,yenthakaalam vaadini ikkada unchagalam
823,"00:29:37,357","00:29:37,927",speaker_2,రేపు ఉద్యోగానికి,repu udhyogaaniki
824,"00:29:38,097","00:29:39,067",speaker_2,వస్తే వాడు city కి వెళ్ళాలి,vasthe vaadu city ki vellaali
825,"00:29:39,938","00:29:40,807",speaker_2,ఓ కొంచెం బడా కర్ణాచార్య,o konchem badaa karnaachaarya
826,"00:29:40,968","00:29:41,377",speaker_2,రా భాయ్జాన్,raa bhaayjaan
827,"00:29:41,778","00:29:42,057",speaker_14,ఐసా నే,aisaa ne
828,"00:29:42,137","00:29:42,867",speaker_2,ఇప్పుడు నువ్వు ఆపేస్తే,ippudu nuvvu aapesthe
829,"00:29:43,337","00:29:45,627",speaker_2,వాడు రేపు నేను అయిపోవడానికి కారణం నువ్వే అంటే నువ్వు తట్టుకోగలవా,vaadu repu nenu ayipovadaaniki kaaranam nuvve ante nuvvu thattukogalavaa
830,"00:29:47,718","00:29:49,267",speaker_2,అయినా ఇదంతా free seat వస్తేనే కదా,ayinaa idhanthaa free seat vasthene kadhaa
831,"00:29:49,817","00:29:50,657",speaker_2,ముందైతే వాడిని చూడని,mundhaithe vaadini choodani
832,"00:29:51,978","00:29:53,127",speaker_2,బాకీ అల్లాకి మర్జీ భాయ్జాన్,baakee allaaki marjee bhaayjaan
833,"00:29:53,698","00:29:54,137",speaker_15,ఇమ్రాన్,imraan
834,"00:29:54,998","00:29:55,298",speaker_2,మేడం,madame
835,"00:29:57,577","00:29:59,607",speaker_2,మేడం అది results వస్తాయి అన్నారు phone చేస్తే అవ్వట్లేదు,madame adhi results vasthaayi annaaru phone chesthe avvatledhu
836,"00:30:00,218","00:30:01,238",speaker_14,ఈ సబ్ క్యా హై మీటి,ee sub kyaa hai meeti
837,"00:30:01,738","00:30:02,567",speaker_14,నువ్వు కూడా ఏంటి,nuvvu koodaa yenti
838,"00:30:02,778","00:30:03,127",speaker_14,ఆ,aa
839,"00:30:03,438","00:30:03,947",speaker_14,నాకు తెలియకుండా,naaku theliyakundaa
840,"00:30:04,337","00:30:05,267",speaker_15,అది కాదు చాచా,adhi kaadhu chaachaa
841,"00:30:05,698","00:30:07,268",speaker_15,ఈ exam కొన్ని వేల మంది రాస్తారు,ee exam konni vela mandhi raasthaaru
842,"00:30:07,678","00:30:09,847",speaker_15,కానీ అందులో ఇరవై మందికి మాత్రమే seat వస్తుంది,kaanee andhulo iravai mandhiki maathrame seat vasthundhi
843,"00:30:10,298","00:30:11,357",speaker_15,మీకొక విషయం తెలుసా,meekoka vishayam thelusaa
844,"00:30:11,978","00:30:13,488",speaker_15,మన ఇమ్రాన్ కి free seat వచ్చింది,mana imraan ki free seat vachhindhi
845,"00:30:13,857","00:30:15,528",speaker_2,నిజంగానా మేడం నిజంగా free seat వచ్చిందా,nijangaanaa madame nijangaa free seat vachhindhaa
846,"00:30:19,748","00:30:22,117",speaker_15,కాదనుకోండి చాచా,kaadhanukondi chaachaa
847,"00:30:29,142","00:30:29,481",speaker_6,ఠీకే,teeke
848,"00:30:30,541","00:30:31,342",speaker_6,మరి ఎప్పుడు బయలుదేరదాం?,mari yeppudu bayaludheradhaam?
849,"00:30:34,261","00:30:34,611",speaker_6,హోజాయేగా,hojaayegaa
850,"00:30:36,701","00:30:37,182",speaker_5,ఎరా వెళ్దామా?,era veldhaamaa?
851,"00:30:37,422","00:30:37,971",speaker_6,ఆ రే డి,aa re di
852,"00:30:38,021","00:30:38,371",speaker_5,ఇదంతా,idhanthaa
853,"00:30:38,662","00:30:40,182",speaker_5,ముగ్గురు IIT స్టూడెంట్స్ కదా అనుకుంటున్నారేమో,mugguru IIT students kadhaa anukuntunnaaremo
854,"00:30:40,882","00:30:41,231",speaker_5,ఉహు,uhu
855,"00:30:41,531","00:30:44,111",speaker_5,మన మహాత్మా గాంధీ గారు చెప్పిన మూడు కోతుల కథ ఇది.,mana mahaathmaa gandhi gaaru cheppina moodu kothula katha idhi.
856,"00:30:47,082","00:30:49,912",speaker_5,జయశ్రీ ఎటు వెళ్తే మనం కూడా సైలెంట్ గా అటే వెళ్ళిపోదాం అని నోరు,jayashree yetu velthe manam koodaa silent gaa ate vellipodhaam ani noru
857,"00:30:49,961","00:30:51,041",speaker_5,మూసుకున్న కోతిలా నేను.,moosukunna kothilaa nenu.
858,"00:30:52,521","00:30:53,692",speaker_5,వాళ్ళ నాన్న ఎటు తీసుకెళ్తున్నాడో,vaalla naanna yetu theesukelthunnaado
859,"00:30:54,142","00:30:54,491",speaker_5,తెలియకుండా,theliyakundaa
860,"00:30:54,682","00:30:56,981",speaker_5,గుడ్డిగా కళ్ళు మూసుకుని వెళ్తున్న కోతిలా రాజు.,guddigaa kallu moosukuni velthunna kothilaa raaju.
861,"00:30:59,112","00:30:59,771",speaker_5,వాళ్ళ నాన్న,vaalla naanna
862,"00:30:59,821","00:31:02,971",speaker_5,ఎంత చెప్పినా వినకుండా చెవులు మూసుకున్న కోతి లాగా పట్నం బయలుదేరిన,yentha cheppinaa vinakundaa chevulu moosukunna kothi laagaa patnam bayaludherina
863,"00:31:03,142","00:31:03,831",speaker_5,ఇమ్రాన్ గాడు.,imraan gaadu.
864,"00:31:04,142","00:31:05,171",speaker_5,అలాంటి మూడు కోతులమైన,alaanti moodu kothulamaina
865,"00:31:05,362","00:31:05,711",speaker_5,మేము,memu
866,"00:31:06,122","00:31:08,721",speaker_5,freedom కోసం పంజరాన్ని ఎంచుకున్నాం అన్న విషయం మాకు తెలియదు.,freedom kosam panjaraanni yenchukunnaam anna vishayam maaku theliyadhu.
867,"00:31:12,082","00:31:12,801",speaker_6,నువ్వు దగ్గర మేము వస్తాం.,nuvvu dhaggara memu vasthaam.
868,"00:31:14,301","00:31:14,672",speaker_5,ఆహ్ ఎంత,aah yentha
869,"00:31:15,261","00:31:16,021",speaker_5,దూరం ఉందేంటి!,dhooram undhenti!
870,"00:31:17,021","00:31:17,371",speaker_6,రిసెప్షన్,reception
871,"00:31:24,082","00:31:25,102",speaker_6,ఎక్కడో కనుక్కో అరేయ్ అరేయ్,yekkado kanukko arey arey
872,"00:31:25,981","00:31:26,531",speaker_6,బ్యాగ్ తీసుకో,badge theesuko
873,"00:31:28,382","00:31:29,422",speaker_6,నేను బండి పెట్టేస్తా సరిలే.,nenu bandi pettesthaa sarile.
874,"00:31:53,821","00:31:54,011",speaker_16,Hello sir,Hello sir
875,"00:31:54,102","00:31:54,451",speaker_6,దేవినేని,dhevineni
876,"00:31:54,622","00:31:55,281",speaker_6,రాజ్ కుమార్,raj kumaar
877,"00:31:55,561","00:31:55,961",speaker_16,Okay,Okay
878,"00:31:57,162","00:31:58,091",speaker_16,ఈ form fill చేయండి.,ee form fill cheyandi.
879,"00:31:58,461","00:31:59,162",speaker_6,Okay మేడం,Okay madame
880,"00:32:02,882","00:32:03,201",speaker_5,Daddy,Daddy
881,"00:32:03,701","00:32:03,832",speaker_6,ఉమ్,um
882,"00:32:04,041","00:32:06,281",speaker_5,అంటే ఇప్పుడు ఈ college కి ఇంత దూరం వెళ్లి రావడం up and down,ante ippudu ee college ki intha dhooram velli raavadam up and down
883,"00:32:06,721","00:32:09,061",speaker_5,అంటే నీ office కూడా problem అవుద్ది కదా అంటే నాక్కుడా,ante nee office koodaa problem avudhdhi kadhaa ante naakkudaa
884,"00:32:09,162","00:32:09,851",speaker_6,నువ్వు అంత కష్టపడకూడదని,nuvvu antha kashtapadakoodadhani
885,"00:32:10,342","00:32:10,582",speaker_5,ఆ,aa
886,"00:32:10,662","00:32:11,432",speaker_6,hostel లో వేసేస్తున్నాం,hostel lo vesesthunnaam
887,"00:32:11,642","00:32:11,781",speaker_5,ఆ,aa
888,"00:32:14,461","00:32:14,701",speaker_5,Daddy,Daddy
889,"00:32:15,902","00:32:16,551",speaker_5,hostel ఎండీ,hostel yendee
890,"00:32:17,041","00:32:18,122",speaker_5,అయినా నువ్వు ముందు mummyకి చెప్పావా?,ayinaa nuvvu mundhu mummyki cheppaavaa?
891,"00:32:18,721","00:32:19,551",speaker_6,అది నిన్ను ఇక్కడ ఉంచనివ్వదనే,adhi ninnu ikkada unchanivvadhane
892,"00:32:20,342","00:32:21,241",speaker_6,దాన్ని car లో ఉంచాను.,dhaanni car lo unchaanu.
893,"00:32:22,442","00:32:23,251",speaker_6,ఇది నీకే కాదు,idhi neeke kaadhu
894,"00:32:23,481","00:32:24,721",speaker_6,దానికి కూడా surprise ఏ,dhaaniki koodaa surprise ye
895,"00:32:24,821","00:32:26,491",speaker_16,Sir ఇక్కడ student signature చేపియ్యండి,Sir ikkada student signature chepiyyandi
896,"00:32:26,902","00:32:27,531",speaker_6,సంతకం పెట్టేయమ్మా,santhakam petteyammaa
897,"00:32:27,882","00:32:28,471",speaker_5,ఆహా నేను పెట్టను,aahaa nenu pettanu
898,"00:32:29,221","00:32:30,551",speaker_6,అమ్మా వేలు ముద్ర accepted ఏ కదా,ammaa velu mudhra accepted ye kadhaa
899,"00:32:30,701","00:32:30,882",speaker_6,పెట్టు,pettu
900,"00:32:31,001","00:32:31,551",speaker_5,ఏయ్ ఆగు ఆగు ఆగు,yey aagu aagu aagu
901,"00:32:31,602","00:32:32,112",speaker_16,Sir sir sir,Sir sir sir
902,"00:32:32,221","00:32:32,611",speaker_5,నేను పెడతాను,nenu pedathaanu
903,"00:32:32,882","00:32:33,281",speaker_5,పెడతాను,pedathaanu
904,"00:32:36,201","00:32:36,561",speaker_5,పెడతాను.,pedathaanu.
905,"00:32:37,162","00:32:37,840",speaker_6,నీ పని అయింది,nee pani ayindhi
906,"00:32:38,082","00:32:39,291",speaker_6,వెళ్ళు మిగిలిన formalities నేను చూస్తా.,vellu migilina formalities nenu choosthaa.
907,"00:32:43,701","00:32:44,302",speaker_6,ఆ tail చూద్దాం,aa tail choodhdhaam
908,"00:32:44,352","00:32:44,842",speaker_5,ఇక్కడ ఉంది daddy,ikkada undhi daddy
909,"00:32:45,501","00:32:45,751",speaker_6,ఆ,aa
910,"00:32:45,801","00:32:45,901",speaker_5,ఆ,aa
911,"00:32:45,821","00:32:46,171",speaker_16,Hostel,Hostel
912,"00:32:49,321","00:32:51,481",speaker_16,details అన్నీ తర్వాత చెప్తారు okay thank you,details annee tharvaatha chepthaaru okay thank you
913,"00:32:55,981","00:32:56,521",speaker_16,చెప్పండి sir,cheppandi sir
914,"00:32:57,021","00:32:58,091",speaker_6,బాబుకి free seat వచ్చిందండి,baabuki free seat vachhindhandi
915,"00:32:58,382","00:32:59,111",speaker_6,ఒకసారి check చేయరా?,okasaari check cheyaraa?
916,"00:32:59,162","00:32:59,442",speaker_16,Okay,Okay
917,"00:32:59,902","00:33:00,362",speaker_16,one minute,one minute
918,"00:33:02,102","00:33:04,761",speaker_16,ఆహా అవును sir hundred percent scholarship వచ్చింది,aahaa avunu sir hundred percent scholarship vachhindhi
919,"00:33:04,842","00:33:05,021",speaker_6,ఆ,aa
920,"00:33:06,412","00:33:07,011",speaker_16,కానీ eighty,kaanee eighty
921,"00:33:07,082","00:33:08,211",speaker_16,thousand hostel fee కట్టాలి,thousand hostel fee kattaali
922,"00:33:09,402","00:33:12,221",speaker_6,ఒకసారి సరిగ్గా చూడండి మేడం free seat అంటేనే అంత దూరం నుంచి వచ్చాము,okasaari sariggaa choodandi madame free seat antene antha dhooram nunchi vachhaamu
923,"00:33:12,270","00:33:12,481",speaker_6,మేము.,memu.
924,"00:33:12,642","00:33:15,011",speaker_16,అవును sir college seat free ఏ hostel fees కట్టాలి,avunu sir college seat free ye hostel fees kattaali
925,"00:33:18,281","00:33:21,301",speaker_6,ఆ మాట ముందే చెప్పాలి కదా మేడం మాకు అప్పుడేమో free seat అన్నారు,aa maata mundhe cheppaali kadhaa madame maaku appudemo free seat annaaru
926,"00:33:21,362","00:33:22,651",speaker_6,ఇప్పుడేమో fees అంటున్నారు మీరు,ippudemo fees antunnaaru meeru
927,"00:33:22,922","00:33:25,491",speaker_16,మీకు fee structure లో ఏమైనా problem ఉంటే AO గారితో మాట్లాడండి.,meeku fee structure lo yemainaa problem unte AO gaaritho maatlaadandi.
928,"00:33:25,981","00:33:26,331",speaker_6,అయ్యయ్యో,ayyayyo
929,"00:33:26,741","00:33:29,162",speaker_6,ఇంకా ఎంత time పడుతుందో రా ఎంత మంది జనాలు ఉన్నారో చూడు,inkaa yentha time paduthundho raa yentha mandhi janaalu unnaaro choodu
930,"00:33:29,211","00:33:29,511",speaker_5,అయిపోతుందిలే నాన్న,ayipothundhile naanna
931,"00:33:32,761","00:33:32,961",speaker_5,Daddy,Daddy
932,"00:33:33,842","00:33:34,731",speaker_5,classroom చూసి వస్తా Daddy,classroom choosi vasthaa Daddy
933,"00:33:35,221","00:33:35,321",speaker_6,ఆ,aa
934,"00:33:35,662","00:33:36,781",speaker_5,ఒక్క two minutes లో వచ్చేస్తా Daddy,okka two minutes lo vachhesthaa Daddy
935,"00:33:36,862","00:33:37,021",speaker_6,రేయ్,rey
936,"00:33:37,102","00:33:38,241",speaker_5,First bench లో కచ్చితంగా see చేస్తా Daddy,First bench lo kachhithangaa see chesthaa Daddy
937,"00:33:38,682","00:33:39,031",speaker_5,లక్కీ!,lucky!
938,"00:33:43,761","00:33:45,281",speaker_5,ఏంటి లక్కీ? నువ్వు కూడా ఇదే college ఆ?,yenti lucky? nuvvu koodaa idhe college aa?
939,"00:33:45,521","00:33:47,251",speaker_16,అవును అయినా నువ్వెందుకు ఇక్కడ join అయ్యావు?,avunu ayinaa nuvvendhuku ikkada join ayyaavu?
940,"00:33:47,321","00:33:47,671",speaker_5,నీకోసమే,neekosame
941,"00:33:48,382","00:33:48,731",speaker_16,అబ్బా!,abbaa!
942,"00:33:49,201","00:33:49,551",speaker_5,అంటే,ante
943,"00:33:50,061","00:33:51,721",speaker_5,జయశ్రీ కూడా ఇదే college కదా so,jayashree koodaa idhe college kadhaa so
944,"00:33:52,102","00:33:53,021",speaker_16,జయశ్రీ ఈ college ఆ?,jayashree ee college aa?
945,"00:33:53,281","00:33:53,631",speaker_5,ఉమ్,um
946,"00:33:53,801","00:33:54,151",speaker_16,అదేంటి?,adhenti?
947,"00:33:54,922","00:33:56,031",speaker_16,ఈ college లో join అవుదామంటే,ee college lo join avudhaamante
948,"00:33:57,122","00:33:57,842",speaker_16,అవ్వదు అనింది.,avvadhu anindhi.
949,"00:33:58,382","00:33:59,061",speaker_16,ఒక్క నిమిషం ఆగు.,okka nimisham aagu.
950,"00:34:02,041","00:34:02,642",speaker_16,Hello జయశ్రీ,Hello jayashree
951,"00:34:03,301","00:34:03,792",speaker_5,speaker speaker,speaker speaker
952,"00:34:03,842","00:34:04,301",speaker_17,Hi లక్కీ,Hi lucky
953,"00:34:05,951","00:34:07,132",speaker_16,ఏమి నువ్వు,yemi nuvvu
954,"00:34:07,182","00:34:08,891",speaker_16,ఏ this IIT academy లో,ye this IIT academy lo
955,"00:34:09,202","00:34:09,882",speaker_16,join అయ్యావా?,join ayyaavaa?
956,"00:34:10,362","00:34:12,552",speaker_17,లేదు చెప్పా కదా daddy ఒప్పుకోలేదని,ledhu cheppaa kadhaa daddy oppukoledhani
957,"00:34:13,742","00:34:15,641",speaker_17,already శ్రీ సాయి college లో join చేశారు.,already shree saayi college lo join cheshaaru.
958,"00:34:15,942","00:34:17,391",speaker_17,నిన్నటి నుంచే classes కూడా start అయ్యాయి.,ninnati nunche classes koodaa start ayyaayi.
959,"00:34:19,621","00:34:19,971",speaker_5,Daddy!,Daddy!
960,"00:34:22,942","00:34:23,291",speaker_16,అర్జున్!,arjun!
961,"00:34:28,592","00:34:28,722",speaker_5,ఏయ్,yey
962,"00:34:28,822","00:34:29,172",speaker_6,college,college
963,"00:34:47,782","00:34:48,231",speaker_6,లో అడుగుపెట్టిన,lo adugupettina
964,"00:34:48,422","00:34:48,911",speaker_6,పది నిమిషాల్లో,padhi nimishaallo
965,"00:34:49,422","00:34:49,742",speaker_5,Daddy,Daddy
966,"00:34:49,822","00:34:51,981",speaker_6,మా ముగ్గురికి మబ్బులు విడిపోయి అర్థమైన విషయం ఒకటే.,maa mugguriki mabbulu vidipoyi arthamaina vishayam okate.
967,"00:34:53,001","00:34:53,742",speaker_6,ఇది అంతం కాదు,idhi antham kaadhu
968,"00:34:55,192","00:35:36,121",speaker_6,ఆరంభం done,aarambham done
